metacell_new,cell_type,N,frac,assigned_cell_type,assigned_frac
20,cnidocyte,42,0.954545454545455,cnidocyte,0.954545454545455
20,mitotic_host_cells,1,0.0227272727272727,cnidocyte,0.954545454545455
20,gland_10,1,0.0227272727272727,cnidocyte,0.954545454545455
17,cnidocyte,2,0.285714285714286,cnidocyte,0.285714285714286
17,digestive_filaments,2,0.285714285714286,cnidocyte,0.285714285714286
17,neuron_1,1,0.142857142857143,cnidocyte,0.285714285714286
17,neuron_14,1,0.142857142857143,cnidocyte,0.285714285714286
17,gastrodermis,1,0.142857142857143,cnidocyte,0.285714285714286
229,gastrodermis_musclelike,75,0.76530612244898,gastrodermis_musclelike,0.76530612244898
229,gastrodermis,17,0.173469387755102,gastrodermis_musclelike,0.76530612244898
229,digestive_filaments,6,0.0612244897959184,gastrodermis_musclelike,0.76530612244898
203,gastrodermis,36,1,gastrodermis,1
205,gastrodermis,38,1,gastrodermis,1
207,gastrodermis,108,1,gastrodermis,1
211,gastrodermis,121,1,gastrodermis,1
214,gastrodermis,106,1,gastrodermis,1
265,gastrodermis,2,1,gastrodermis,1
287,gastrodermis,39,1,gastrodermis,1
288,gastrodermis,32,1,gastrodermis,1
290,gastrodermis,15,1,gastrodermis,1
293,gastrodermis,27,1,gastrodermis,1
295,gastrodermis,85,1,gastrodermis,1
297,gastrodermis,90,1,gastrodermis,1
220,gastrodermis,157,0.993670886075949,gastrodermis,0.993670886075949
220,neuron_2,1,0.00632911392405063,gastrodermis,0.993670886075949
227,gastrodermis,112,0.991150442477876,gastrodermis,0.991150442477876
227,neuron_5,1,0.00884955752212389,gastrodermis,0.991150442477876
218,gastrodermis,95,0.989583333333333,gastrodermis,0.989583333333333
218,cnidocyte,1,0.0104166666666667,gastrodermis,0.989583333333333
252,gastrodermis,95,0.989583333333333,gastrodermis,0.989583333333333
252,host_cells,1,0.0104166666666667,gastrodermis,0.989583333333333
247,gastrodermis,70,0.985915492957746,gastrodermis,0.985915492957746
247,calicoblast,1,0.0140845070422535,gastrodermis,0.985915492957746
248,gastrodermis,66,0.985074626865672,gastrodermis,0.985074626865672
248,neuron_2,1,0.0149253731343284,gastrodermis,0.985074626865672
294,gastrodermis,125,0.984251968503937,gastrodermis,0.984251968503937
294,immune_2,1,0.0078740157480315,gastrodermis,0.984251968503937
294,gland_4,1,0.0078740157480315,gastrodermis,0.984251968503937
208,gastrodermis,123,0.984,gastrodermis,0.984
208,host_cells,2,0.016,gastrodermis,0.984
213,gastrodermis,113,0.982608695652174,gastrodermis,0.982608695652174
213,neuron_11,1,0.00869565217391304,gastrodermis,0.982608695652174
213,host_cells,1,0.00869565217391304,gastrodermis,0.982608695652174
284,gastrodermis,54,0.981818181818182,gastrodermis,0.981818181818182
284,digestive_filaments,1,0.0181818181818182,gastrodermis,0.981818181818182
291,gastrodermis,51,0.980769230769231,gastrodermis,0.980769230769231
291,mitotic_host_cells,1,0.0192307692307692,gastrodermis,0.980769230769231
223,gastrodermis,94,0.979166666666667,gastrodermis,0.979166666666667
223,host_cells,1,0.0104166666666667,gastrodermis,0.979166666666667
223,germline_sperm,1,0.0104166666666667,gastrodermis,0.979166666666667
296,gastrodermis,93,0.978947368421053,gastrodermis,0.978947368421053
296,neuron_11,1,0.0105263157894737,gastrodermis,0.978947368421053
296,cnidocyte,1,0.0105263157894737,gastrodermis,0.978947368421053
232,gastrodermis,91,0.978494623655914,gastrodermis,0.978494623655914
232,neuron_10,1,0.010752688172043,gastrodermis,0.978494623655914
232,host_cells,1,0.010752688172043,gastrodermis,0.978494623655914
299,gastrodermis,90,0.978260869565217,gastrodermis,0.978260869565217
299,host_cells,1,0.0108695652173913,gastrodermis,0.978260869565217
299,neuron_3,1,0.0108695652173913,gastrodermis,0.978260869565217
209,gastrodermis,86,0.977272727272727,gastrodermis,0.977272727272727
209,gland_8,1,0.0113636363636364,gastrodermis,0.977272727272727
209,host_cells,1,0.0113636363636364,gastrodermis,0.977272727272727
250,gastrodermis,43,0.977272727272727,gastrodermis,0.977272727272727
250,neuron_12,1,0.0227272727272727,gastrodermis,0.977272727272727
280,gastrodermis,122,0.976,gastrodermis,0.976
280,host_cells,2,0.016,gastrodermis,0.976
280,epidermis_2,1,0.008,gastrodermis,0.976
204,gastrodermis,80,0.975609756097561,gastrodermis,0.975609756097561
204,cnidocyte,2,0.024390243902439,gastrodermis,0.975609756097561
298,gastrodermis,79,0.975308641975309,gastrodermis,0.975308641975309
298,neuron_5,1,0.0123456790123457,gastrodermis,0.975308641975309
298,neuron_11,1,0.0123456790123457,gastrodermis,0.975308641975309
225,gastrodermis,78,0.975,gastrodermis,0.975
225,cnidocyte,1,0.0125,gastrodermis,0.975
225,gland_8,1,0.0125,gastrodermis,0.975
212,gastrodermis,77,0.974683544303798,gastrodermis,0.974683544303798
212,host_cells,1,0.0126582278481013,gastrodermis,0.974683544303798
212,digestive_filaments,1,0.0126582278481013,gastrodermis,0.974683544303798
215,gastrodermis,114,0.974358974358974,gastrodermis,0.974358974358974
215,neuron_5,1,0.00854700854700855,gastrodermis,0.974358974358974
215,neuron_4,1,0.00854700854700855,gastrodermis,0.974358974358974
215,gland_1,1,0.00854700854700855,gastrodermis,0.974358974358974
235,gastrodermis,136,0.971428571428571,gastrodermis,0.971428571428571
235,gastrodermis_musclelike,3,0.0214285714285714,gastrodermis,0.971428571428571
235,digestive_filaments,1,0.00714285714285714,gastrodermis,0.971428571428571
246,gastrodermis,99,0.970588235294118,gastrodermis,0.970588235294118
246,host_cells,2,0.0196078431372549,gastrodermis,0.970588235294118
246,neuron_14,1,0.00980392156862745,gastrodermis,0.970588235294118
206,gastrodermis,62,0.96875,gastrodermis,0.96875
206,host_cells,1,0.015625,gastrodermis,0.96875
206,neuron_11,1,0.015625,gastrodermis,0.96875
271,gastrodermis,28,0.96551724137931,gastrodermis,0.96551724137931
271,neuron_13,1,0.0344827586206897,gastrodermis,0.96551724137931
251,gastrodermis,74,0.961038961038961,gastrodermis,0.961038961038961
251,immune_2,1,0.012987012987013,gastrodermis,0.961038961038961
251,mitotic_host_cells,1,0.012987012987013,gastrodermis,0.961038961038961
251,gland_6,1,0.012987012987013,gastrodermis,0.961038961038961
217,gastrodermis,49,0.96078431372549,gastrodermis,0.96078431372549
217,host_cells,2,0.0392156862745098,gastrodermis,0.96078431372549
216,gastrodermis,72,0.96,gastrodermis,0.96
216,neuron_5,1,0.0133333333333333,gastrodermis,0.96
216,neuron_12,1,0.0133333333333333,gastrodermis,0.96
216,neuron_8,1,0.0133333333333333,gastrodermis,0.96
292,gastrodermis,71,0.959459459459459,gastrodermis,0.959459459459459
292,neuron_11,1,0.0135135135135135,gastrodermis,0.959459459459459
292,neuron_14,1,0.0135135135135135,gastrodermis,0.959459459459459
292,epidermis_1,1,0.0135135135135135,gastrodermis,0.959459459459459
226,gastrodermis,94,0.959183673469388,gastrodermis,0.959183673469388
226,host_cells,2,0.0204081632653061,gastrodermis,0.959183673469388
226,immune_2,1,0.0102040816326531,gastrodermis,0.959183673469388
226,immune_1,1,0.0102040816326531,gastrodermis,0.959183673469388
228,gastrodermis,70,0.958904109589041,gastrodermis,0.958904109589041
228,gland_1,1,0.0136986301369863,gastrodermis,0.958904109589041
228,mitotic_host_cells,1,0.0136986301369863,gastrodermis,0.958904109589041
228,calicoblast,1,0.0136986301369863,gastrodermis,0.958904109589041
300,gastrodermis,46,0.958333333333333,gastrodermis,0.958333333333333
300,neuron_6,1,0.0208333333333333,gastrodermis,0.958333333333333
300,mitotic_host_cells,1,0.0208333333333333,gastrodermis,0.958333333333333
289,gastrodermis,22,0.956521739130435,gastrodermis,0.956521739130435
289,digestive_filaments,1,0.0434782608695652,gastrodermis,0.956521739130435
233,gastrodermis,86,0.955555555555556,gastrodermis,0.955555555555556
233,germline_sperm,1,0.0111111111111111,gastrodermis,0.955555555555556
233,neuron_12,1,0.0111111111111111,gastrodermis,0.955555555555556
233,cnidocyte,1,0.0111111111111111,gastrodermis,0.955555555555556
233,digestive_filaments,1,0.0111111111111111,gastrodermis,0.955555555555556
234,gastrodermis,42,0.954545454545455,gastrodermis,0.954545454545455
234,digestive_filaments,2,0.0454545454545455,gastrodermis,0.954545454545455
249,gastrodermis,62,0.953846153846154,gastrodermis,0.953846153846154
249,neuron_12,1,0.0153846153846154,gastrodermis,0.953846153846154
249,digestive_filaments,1,0.0153846153846154,gastrodermis,0.953846153846154
249,host_cells,1,0.0153846153846154,gastrodermis,0.953846153846154
224,gastrodermis,40,0.952380952380952,gastrodermis,0.952380952380952
224,immune_2,1,0.0238095238095238,gastrodermis,0.952380952380952
224,host_cells,1,0.0238095238095238,gastrodermis,0.952380952380952
210,gastrodermis,51,0.944444444444444,gastrodermis,0.944444444444444
210,host_cells,2,0.037037037037037,gastrodermis,0.944444444444444
210,neuron_2,1,0.0185185185185185,gastrodermis,0.944444444444444
15,gastrodermis,45,0.9375,gastrodermis,0.9375
15,neuron_8,1,0.0208333333333333,gastrodermis,0.9375
15,gland_3_digestive,1,0.0208333333333333,gastrodermis,0.9375
15,gastrodermis_musclelike,1,0.0208333333333333,gastrodermis,0.9375
239,gastrodermis,39,0.928571428571429,gastrodermis,0.928571428571429
239,host_cells,1,0.0238095238095238,gastrodermis,0.928571428571429
239,gastrodermis_musclelike,1,0.0238095238095238,gastrodermis,0.928571428571429
239,gland_10,1,0.0238095238095238,gastrodermis,0.928571428571429
283,gastrodermis,13,0.928571428571429,gastrodermis,0.928571428571429
283,mitotic_host_cells,1,0.0714285714285714,gastrodermis,0.928571428571429
219,gastrodermis,36,0.923076923076923,gastrodermis,0.923076923076923
219,host_cells,3,0.0769230769230769,gastrodermis,0.923076923076923
221,gastrodermis,60,0.909090909090909,gastrodermis,0.909090909090909
221,host_cells,2,0.0303030303030303,gastrodermis,0.909090909090909
221,digestive_filaments,1,0.0151515151515152,gastrodermis,0.909090909090909
221,neuron_5,1,0.0151515151515152,gastrodermis,0.909090909090909
221,epidermis_2,1,0.0151515151515152,gastrodermis,0.909090909090909
221,immune_1,1,0.0151515151515152,gastrodermis,0.909090909090909
236,gastrodermis,59,0.907692307692308,gastrodermis,0.907692307692308
236,host_cells,3,0.0461538461538462,gastrodermis,0.907692307692308
236,neuron_13,1,0.0153846153846154,gastrodermis,0.907692307692308
236,epidermis_1,1,0.0153846153846154,gastrodermis,0.907692307692308
236,neuron_5,1,0.0153846153846154,gastrodermis,0.907692307692308
286,gastrodermis,42,0.893617021276596,gastrodermis,0.893617021276596
286,host_cells,3,0.0638297872340426,gastrodermis,0.893617021276596
286,gland_10,1,0.0212765957446809,gastrodermis,0.893617021276596
286,mitotic_host_cells,1,0.0212765957446809,gastrodermis,0.893617021276596
245,gastrodermis,50,0.892857142857143,gastrodermis,0.892857142857143
245,gastrodermis_musclelike,3,0.0535714285714286,gastrodermis,0.892857142857143
245,neuron_13,1,0.0178571428571429,gastrodermis,0.892857142857143
245,host_cells,1,0.0178571428571429,gastrodermis,0.892857142857143
245,neuron_10,1,0.0178571428571429,gastrodermis,0.892857142857143
285,gastrodermis,32,0.888888888888889,gastrodermis,0.888888888888889
285,host_cells,4,0.111111111111111,gastrodermis,0.888888888888889
279,gastrodermis,31,0.885714285714286,gastrodermis,0.885714285714286
279,neuron_11,1,0.0285714285714286,gastrodermis,0.885714285714286
279,epidermis_2,1,0.0285714285714286,gastrodermis,0.885714285714286
279,digestive_filaments,1,0.0285714285714286,gastrodermis,0.885714285714286
279,neuron_5,1,0.0285714285714286,gastrodermis,0.885714285714286
242,gastrodermis,53,0.883333333333333,gastrodermis,0.883333333333333
242,mitotic_host_cells,1,0.0166666666666667,gastrodermis,0.883333333333333
242,host_cells,1,0.0166666666666667,gastrodermis,0.883333333333333
242,immune_1,1,0.0166666666666667,gastrodermis,0.883333333333333
242,epidermis_1,1,0.0166666666666667,gastrodermis,0.883333333333333
242,gland_10,1,0.0166666666666667,gastrodermis,0.883333333333333
242,digestive_filaments,1,0.0166666666666667,gastrodermis,0.883333333333333
242,neuron_14,1,0.0166666666666667,gastrodermis,0.883333333333333
1,gastrodermis,40,0.869565217391304,gastrodermis,0.869565217391304
1,digestive_filaments,3,0.0652173913043478,gastrodermis,0.869565217391304
1,host_cells,2,0.0434782608695652,gastrodermis,0.869565217391304
1,epidermis_1,1,0.0217391304347826,gastrodermis,0.869565217391304
237,gastrodermis,46,0.867924528301887,gastrodermis,0.867924528301887
237,host_cells,3,0.0566037735849057,gastrodermis,0.867924528301887
237,epidermis_1,2,0.0377358490566038,gastrodermis,0.867924528301887
237,gland_3_digestive,1,0.0188679245283019,gastrodermis,0.867924528301887
237,digestive_filaments,1,0.0188679245283019,gastrodermis,0.867924528301887
282,gastrodermis,6,0.857142857142857,gastrodermis,0.857142857142857
282,host_cells,1,0.142857142857143,gastrodermis,0.857142857142857
238,gastrodermis,35,0.833333333333333,gastrodermis,0.833333333333333
238,gastrodermis_musclelike,2,0.0476190476190476,gastrodermis,0.833333333333333
238,neuron_14,1,0.0238095238095238,gastrodermis,0.833333333333333
238,neuron_10,1,0.0238095238095238,gastrodermis,0.833333333333333
238,gland_8,1,0.0238095238095238,gastrodermis,0.833333333333333
238,gland_10,1,0.0238095238095238,gastrodermis,0.833333333333333
238,gland_4,1,0.0238095238095238,gastrodermis,0.833333333333333
111,gastrodermis,39,0.8125,gastrodermis,0.8125
111,epidermis_2,2,0.0416666666666667,gastrodermis,0.8125
111,gland_10,1,0.0208333333333333,gastrodermis,0.8125
111,gland_7,1,0.0208333333333333,gastrodermis,0.8125
111,germline_sperm,1,0.0208333333333333,gastrodermis,0.8125
111,host_cells,1,0.0208333333333333,gastrodermis,0.8125
111,digestive_filaments,1,0.0208333333333333,gastrodermis,0.8125
111,epidermis_1,1,0.0208333333333333,gastrodermis,0.8125
111,mitotic_host_cells,1,0.0208333333333333,gastrodermis,0.8125
274,gastrodermis,13,0.8125,gastrodermis,0.8125
274,neuron_12,1,0.0625,gastrodermis,0.8125
274,host_cells,1,0.0625,gastrodermis,0.8125
274,calicoblast,1,0.0625,gastrodermis,0.8125
241,gastrodermis,16,0.8,gastrodermis,0.8
241,digestive_filaments,2,0.1,gastrodermis,0.8
241,mitotic_host_cells,1,0.05,gastrodermis,0.8
241,host_cells,1,0.05,gastrodermis,0.8
275,gastrodermis,10,0.769230769230769,gastrodermis,0.769230769230769
275,host_cells,1,0.0769230769230769,gastrodermis,0.769230769230769
275,mitotic_host_cells,1,0.0769230769230769,gastrodermis,0.769230769230769
275,epidermis_1,1,0.0769230769230769,gastrodermis,0.769230769230769
222,gastrodermis,29,0.763157894736842,gastrodermis,0.763157894736842
222,host_cells,8,0.210526315789474,gastrodermis,0.763157894736842
222,neuron_1,1,0.0263157894736842,gastrodermis,0.763157894736842
262,gastrodermis,8,0.727272727272727,gastrodermis,0.727272727272727
262,neuron_2,1,0.0909090909090909,gastrodermis,0.727272727272727
262,gland_3_digestive,1,0.0909090909090909,gastrodermis,0.727272727272727
262,neuron_5,1,0.0909090909090909,gastrodermis,0.727272727272727
281,gastrodermis,13,0.722222222222222,gastrodermis,0.722222222222222
281,calicoblast,3,0.166666666666667,gastrodermis,0.722222222222222
281,cnidocyte,1,0.0555555555555556,gastrodermis,0.722222222222222
281,gland_8,1,0.0555555555555556,gastrodermis,0.722222222222222
13,gastrodermis,5,0.714285714285714,gastrodermis,0.714285714285714
13,gastrodermis_musclelike,1,0.142857142857143,gastrodermis,0.714285714285714
13,epidermis_1,1,0.142857142857143,gastrodermis,0.714285714285714
261,gastrodermis,9,0.692307692307692,gastrodermis,0.692307692307692
261,neuron_6,1,0.0769230769230769,gastrodermis,0.692307692307692
261,mitotic_host_cells,1,0.0769230769230769,gastrodermis,0.692307692307692
261,host_cells,1,0.0769230769230769,gastrodermis,0.692307692307692
261,epidermis_2,1,0.0769230769230769,gastrodermis,0.692307692307692
230,gastrodermis,20,0.689655172413793,gastrodermis,0.689655172413793
230,host_cells,4,0.137931034482759,gastrodermis,0.689655172413793
230,neuron_13,2,0.0689655172413793,gastrodermis,0.689655172413793
230,digestive_filaments,2,0.0689655172413793,gastrodermis,0.689655172413793
230,mitotic_host_cells,1,0.0344827586206897,gastrodermis,0.689655172413793
273,gastrodermis,13,0.68421052631579,gastrodermis,0.68421052631579
273,host_cells,2,0.105263157894737,gastrodermis,0.68421052631579
273,mitotic_host_cells,1,0.0526315789473684,gastrodermis,0.68421052631579
273,epidermis_1,1,0.0526315789473684,gastrodermis,0.68421052631579
273,neuron_11,1,0.0526315789473684,gastrodermis,0.68421052631579
273,neuron_7,1,0.0526315789473684,gastrodermis,0.68421052631579
278,gastrodermis,9,0.642857142857143,gastrodermis,0.642857142857143
278,mitotic_host_cells,3,0.214285714285714,gastrodermis,0.642857142857143
278,gastrodermis_musclelike,1,0.0714285714285714,gastrodermis,0.642857142857143
278,neuron_1,1,0.0714285714285714,gastrodermis,0.642857142857143
270,gastrodermis,8,0.615384615384615,gastrodermis,0.615384615384615
270,host_cells,2,0.153846153846154,gastrodermis,0.615384615384615
270,neuron_2,1,0.0769230769230769,gastrodermis,0.615384615384615
270,digestive_filaments,1,0.0769230769230769,gastrodermis,0.615384615384615
270,gland_6,1,0.0769230769230769,gastrodermis,0.615384615384615
140,gastrodermis,3,0.6,gastrodermis,0.6
140,mitotic_host_cells,1,0.2,gastrodermis,0.6
140,neuron_2,1,0.2,gastrodermis,0.6
145,gastrodermis,3,0.6,gastrodermis,0.6
145,mitotic_host_cells,1,0.2,gastrodermis,0.6
145,neuron_7,1,0.2,gastrodermis,0.6
269,gastrodermis,6,0.6,gastrodermis,0.6
269,host_cells,1,0.1,gastrodermis,0.6
269,calicoblast,1,0.1,gastrodermis,0.6
269,digestive_filaments,1,0.1,gastrodermis,0.6
269,gland_3_digestive,1,0.1,gastrodermis,0.6
39,gastrodermis,3,0.5,gastrodermis,0.5
39,digestive_filaments,2,0.333333333333333,gastrodermis,0.5
39,host_cells,1,0.166666666666667,gastrodermis,0.5
136,gastrodermis,6,0.461538461538462,gastrodermis,0.461538461538462
136,digestive_filaments,2,0.153846153846154,gastrodermis,0.461538461538462
136,neuron_7,2,0.153846153846154,gastrodermis,0.461538461538462
136,germline_sperm,1,0.0769230769230769,gastrodermis,0.461538461538462
136,neuron_10,1,0.0769230769230769,gastrodermis,0.461538461538462
136,neuron_8,1,0.0769230769230769,gastrodermis,0.461538461538462
143,gastrodermis,6,0.461538461538462,gastrodermis,0.461538461538462
143,neuron_9,1,0.0769230769230769,gastrodermis,0.461538461538462
143,neuron_6,1,0.0769230769230769,gastrodermis,0.461538461538462
143,neuron_12,1,0.0769230769230769,gastrodermis,0.461538461538462
143,gland_8,1,0.0769230769230769,gastrodermis,0.461538461538462
143,mitotic_host_cells,1,0.0769230769230769,gastrodermis,0.461538461538462
143,gland_4,1,0.0769230769230769,gastrodermis,0.461538461538462
143,neuron_10,1,0.0769230769230769,gastrodermis,0.461538461538462
276,gastrodermis,12,0.461538461538462,gastrodermis,0.461538461538462
276,gastrodermis_musclelike,5,0.192307692307692,gastrodermis,0.461538461538462
276,epidermis_2,4,0.153846153846154,gastrodermis,0.461538461538462
276,digestive_filaments,3,0.115384615384615,gastrodermis,0.461538461538462
276,epidermis_1,2,0.0769230769230769,gastrodermis,0.461538461538462
277,gastrodermis,6,0.461538461538462,gastrodermis,0.461538461538462
277,neuron_1,1,0.0769230769230769,gastrodermis,0.461538461538462
277,gland_7,1,0.0769230769230769,gastrodermis,0.461538461538462
277,mitotic_host_cells,1,0.0769230769230769,gastrodermis,0.461538461538462
277,neuron_5,1,0.0769230769230769,gastrodermis,0.461538461538462
277,epidermis_2,1,0.0769230769230769,gastrodermis,0.461538461538462
277,host_cells,1,0.0769230769230769,gastrodermis,0.461538461538462
277,epidermis_1,1,0.0769230769230769,gastrodermis,0.461538461538462
256,gastrodermis,7,0.4375,gastrodermis,0.4375
256,mitotic_host_cells,5,0.3125,gastrodermis,0.4375
256,host_cells,2,0.125,gastrodermis,0.4375
256,neuron_12,1,0.0625,gastrodermis,0.4375
256,gland_7,1,0.0625,gastrodermis,0.4375
267,gastrodermis,7,0.4375,gastrodermis,0.4375
267,mitotic_host_cells,2,0.125,gastrodermis,0.4375
267,neuron_12,1,0.0625,gastrodermis,0.4375
267,immune_2,1,0.0625,gastrodermis,0.4375
267,neuron_1,1,0.0625,gastrodermis,0.4375
267,gland_4,1,0.0625,gastrodermis,0.4375
267,neuron_13,1,0.0625,gastrodermis,0.4375
267,digestive_filaments,1,0.0625,gastrodermis,0.4375
267,immune_1,1,0.0625,gastrodermis,0.4375
240,gastrodermis,15,0.428571428571429,gastrodermis,0.428571428571429
240,mitotic_host_cells,12,0.342857142857143,gastrodermis,0.428571428571429
240,host_cells,7,0.2,gastrodermis,0.428571428571429
240,neuron_11,1,0.0285714285714286,gastrodermis,0.428571428571429
3,gastrodermis,5,0.416666666666667,gastrodermis,0.416666666666667
3,host_cells,3,0.25,gastrodermis,0.416666666666667
3,epidermis_1,1,0.0833333333333333,gastrodermis,0.416666666666667
3,mitotic_host_cells,1,0.0833333333333333,gastrodermis,0.416666666666667
3,gland_4,1,0.0833333333333333,gastrodermis,0.416666666666667
3,neuron_12,1,0.0833333333333333,gastrodermis,0.416666666666667
2,gastrodermis,6,0.4,gastrodermis,0.4
2,host_cells,4,0.266666666666667,gastrodermis,0.4
2,cnidocyte,1,0.0666666666666667,gastrodermis,0.4
2,mitotic_host_cells,1,0.0666666666666667,gastrodermis,0.4
2,neuron_10,1,0.0666666666666667,gastrodermis,0.4
2,neuron_1,1,0.0666666666666667,gastrodermis,0.4
2,gland_8,1,0.0666666666666667,gastrodermis,0.4
67,gastrodermis,2,0.4,gastrodermis,0.4
67,mitotic_host_cells,2,0.4,gastrodermis,0.4
67,host_cells,1,0.2,gastrodermis,0.4
21,gastrodermis,5,0.384615384615385,gastrodermis,0.384615384615385
21,digestive_filaments,3,0.230769230769231,gastrodermis,0.384615384615385
21,host_cells,2,0.153846153846154,gastrodermis,0.384615384615385
21,germline_sperm,1,0.0769230769230769,gastrodermis,0.384615384615385
21,epidermis_2,1,0.0769230769230769,gastrodermis,0.384615384615385
21,gland_4,1,0.0769230769230769,gastrodermis,0.384615384615385
82,gastrodermis,3,0.375,gastrodermis,0.375
82,neuron_5,2,0.25,gastrodermis,0.375
82,neuron_8,1,0.125,gastrodermis,0.375
82,mitotic_host_cells,1,0.125,gastrodermis,0.375
82,epidermis_2,1,0.125,gastrodermis,0.375
255,gastrodermis,4,0.363636363636364,gastrodermis,0.363636363636364
255,mitotic_host_cells,2,0.181818181818182,gastrodermis,0.363636363636364
255,neuron_8,1,0.0909090909090909,gastrodermis,0.363636363636364
255,neuron_13,1,0.0909090909090909,gastrodermis,0.363636363636364
255,neuron_5,1,0.0909090909090909,gastrodermis,0.363636363636364
255,neuron_11,1,0.0909090909090909,gastrodermis,0.363636363636364
255,epidermis_2,1,0.0909090909090909,gastrodermis,0.363636363636364
169,gastrodermis,5,0.357142857142857,gastrodermis,0.357142857142857
169,neuron_13,2,0.142857142857143,gastrodermis,0.357142857142857
169,cnidocyte,1,0.0714285714285714,gastrodermis,0.357142857142857
169,neuron_4,1,0.0714285714285714,gastrodermis,0.357142857142857
169,mitotic_host_cells,1,0.0714285714285714,gastrodermis,0.357142857142857
169,neuron_12,1,0.0714285714285714,gastrodermis,0.357142857142857
169,neuron_7,1,0.0714285714285714,gastrodermis,0.357142857142857
169,gland_8,1,0.0714285714285714,gastrodermis,0.357142857142857
169,epidermis_2,1,0.0714285714285714,gastrodermis,0.357142857142857
263,gastrodermis,5,0.357142857142857,gastrodermis,0.357142857142857
263,mitotic_host_cells,2,0.142857142857143,gastrodermis,0.357142857142857
263,digestive_filaments,2,0.142857142857143,gastrodermis,0.357142857142857
263,host_cells,2,0.142857142857143,gastrodermis,0.357142857142857
263,gland_9,1,0.0714285714285714,gastrodermis,0.357142857142857
263,neuron_12,1,0.0714285714285714,gastrodermis,0.357142857142857
263,neuron_5,1,0.0714285714285714,gastrodermis,0.357142857142857
231,gastrodermis,6,0.352941176470588,gastrodermis,0.352941176470588
231,host_cells,5,0.294117647058824,gastrodermis,0.352941176470588
231,neuron_10,1,0.0588235294117647,gastrodermis,0.352941176470588
231,immune_2,1,0.0588235294117647,gastrodermis,0.352941176470588
231,mitotic_host_cells,1,0.0588235294117647,gastrodermis,0.352941176470588
231,epidermis_2,1,0.0588235294117647,gastrodermis,0.352941176470588
231,germline_sperm,1,0.0588235294117647,gastrodermis,0.352941176470588
231,gastrodermis_musclelike,1,0.0588235294117647,gastrodermis,0.352941176470588
32,gastrodermis,4,0.333333333333333,gastrodermis,0.333333333333333
32,neuron_14,1,0.0833333333333333,gastrodermis,0.333333333333333
32,mitotic_host_cells,1,0.0833333333333333,gastrodermis,0.333333333333333
32,gland_4,1,0.0833333333333333,gastrodermis,0.333333333333333
32,cnidocyte,1,0.0833333333333333,gastrodermis,0.333333333333333
32,host_cells,1,0.0833333333333333,gastrodermis,0.333333333333333
32,epidermis_1,1,0.0833333333333333,gastrodermis,0.333333333333333
32,gland_10,1,0.0833333333333333,gastrodermis,0.333333333333333
32,unknown,1,0.0833333333333333,gastrodermis,0.333333333333333
258,gastrodermis,3,0.333333333333333,gastrodermis,0.333333333333333
258,neuron_12,2,0.222222222222222,gastrodermis,0.333333333333333
258,neuron_14,1,0.111111111111111,gastrodermis,0.333333333333333
258,calicoblast,1,0.111111111111111,gastrodermis,0.333333333333333
258,cnidocyte,1,0.111111111111111,gastrodermis,0.333333333333333
258,mitotic_host_cells,1,0.111111111111111,gastrodermis,0.333333333333333
266,gastrodermis,4,0.333333333333333,gastrodermis,0.333333333333333
266,epidermis_2,2,0.166666666666667,gastrodermis,0.333333333333333
266,digestive_filaments,1,0.0833333333333333,gastrodermis,0.333333333333333
266,neuron_1,1,0.0833333333333333,gastrodermis,0.333333333333333
266,epidermis_1,1,0.0833333333333333,gastrodermis,0.333333333333333
266,gland_7,1,0.0833333333333333,gastrodermis,0.333333333333333
266,neuron_9,1,0.0833333333333333,gastrodermis,0.333333333333333
266,germline_sperm,1,0.0833333333333333,gastrodermis,0.333333333333333
4,gastrodermis,4,0.307692307692308,gastrodermis,0.307692307692308
4,mitotic_host_cells,4,0.307692307692308,gastrodermis,0.307692307692308
4,epidermis_1,3,0.230769230769231,gastrodermis,0.307692307692308
4,host_cells,2,0.153846153846154,gastrodermis,0.307692307692308
264,gastrodermis,4,0.307692307692308,gastrodermis,0.307692307692308
264,digestive_filaments,2,0.153846153846154,gastrodermis,0.307692307692308
264,neuron_10,1,0.0769230769230769,gastrodermis,0.307692307692308
264,germline_sperm,1,0.0769230769230769,gastrodermis,0.307692307692308
264,neuron_6,1,0.0769230769230769,gastrodermis,0.307692307692308
264,mitotic_host_cells,1,0.0769230769230769,gastrodermis,0.307692307692308
264,neuron_8,1,0.0769230769230769,gastrodermis,0.307692307692308
264,neuron_1,1,0.0769230769230769,gastrodermis,0.307692307692308
264,cnidocyte,1,0.0769230769230769,gastrodermis,0.307692307692308
14,gastrodermis,3,0.3,gastrodermis,0.3
14,digestive_filaments,2,0.2,gastrodermis,0.3
14,epidermis_1,2,0.2,gastrodermis,0.3
14,mitotic_host_cells,1,0.1,gastrodermis,0.3
14,host_cells,1,0.1,gastrodermis,0.3
14,gland_5,1,0.1,gastrodermis,0.3
260,gastrodermis,3,0.3,gastrodermis,0.3
260,neuron_13,1,0.1,gastrodermis,0.3
260,host_cells,1,0.1,gastrodermis,0.3
260,gland_10,1,0.1,gastrodermis,0.3
260,mitotic_host_cells,1,0.1,gastrodermis,0.3
260,immune_2,1,0.1,gastrodermis,0.3
260,epidermis_1,1,0.1,gastrodermis,0.3
260,gland_2,1,0.1,gastrodermis,0.3
38,gastrodermis,5,0.294117647058824,gastrodermis,0.294117647058824
38,epidermis_1,2,0.117647058823529,gastrodermis,0.294117647058824
38,gland_2,1,0.0588235294117647,gastrodermis,0.294117647058824
38,mitotic_host_cells,1,0.0588235294117647,gastrodermis,0.294117647058824
38,neuron_14,1,0.0588235294117647,gastrodermis,0.294117647058824
38,neuron_1,1,0.0588235294117647,gastrodermis,0.294117647058824
38,digestive_filaments,1,0.0588235294117647,gastrodermis,0.294117647058824
38,host_cells,1,0.0588235294117647,gastrodermis,0.294117647058824
38,neuron_12,1,0.0588235294117647,gastrodermis,0.294117647058824
38,gland_9,1,0.0588235294117647,gastrodermis,0.294117647058824
38,neuron_4,1,0.0588235294117647,gastrodermis,0.294117647058824
38,gland_7,1,0.0588235294117647,gastrodermis,0.294117647058824
243,gastrodermis,2,0.285714285714286,gastrodermis,0.285714285714286
243,neuron_3,1,0.142857142857143,gastrodermis,0.285714285714286
243,gland_8,1,0.142857142857143,gastrodermis,0.285714285714286
243,immune_1,1,0.142857142857143,gastrodermis,0.285714285714286
243,neuron_1,1,0.142857142857143,gastrodermis,0.285714285714286
243,mitotic_host_cells,1,0.142857142857143,gastrodermis,0.285714285714286
253,gastrodermis,5,0.277777777777778,gastrodermis,0.277777777777778
253,digestive_filaments,3,0.166666666666667,gastrodermis,0.277777777777778
253,host_cells,3,0.166666666666667,gastrodermis,0.277777777777778
253,epidermis_1,2,0.111111111111111,gastrodermis,0.277777777777778
253,epidermis_2,1,0.0555555555555556,gastrodermis,0.277777777777778
253,neuron_8,1,0.0555555555555556,gastrodermis,0.277777777777778
253,mitotic_host_cells,1,0.0555555555555556,gastrodermis,0.277777777777778
253,gland_8,1,0.0555555555555556,gastrodermis,0.277777777777778
253,gland_6,1,0.0555555555555556,gastrodermis,0.277777777777778
23,gastrodermis,2,0.25,gastrodermis,0.25
23,immune_2,1,0.125,gastrodermis,0.25
23,gland_9,1,0.125,gastrodermis,0.25
23,mitotic_host_cells,1,0.125,gastrodermis,0.25
23,neuron_7,1,0.125,gastrodermis,0.25
23,gland_5,1,0.125,gastrodermis,0.25
23,epidermis_1,1,0.125,gastrodermis,0.25
133,gastrodermis,2,0.25,gastrodermis,0.25
133,host_cells,1,0.125,gastrodermis,0.25
133,neuron_9,1,0.125,gastrodermis,0.25
133,gland_3_digestive,1,0.125,gastrodermis,0.25
133,gland_1,1,0.125,gastrodermis,0.25
133,neuron_10,1,0.125,gastrodermis,0.25
133,neuron_6,1,0.125,gastrodermis,0.25
144,gastrodermis,3,0.214285714285714,gastrodermis,0.214285714285714
144,digestive_filaments,2,0.142857142857143,gastrodermis,0.214285714285714
144,neuron_5,1,0.0714285714285714,gastrodermis,0.214285714285714
144,germline_sperm,1,0.0714285714285714,gastrodermis,0.214285714285714
144,mitotic_host_cells,1,0.0714285714285714,gastrodermis,0.214285714285714
144,neuron_10,1,0.0714285714285714,gastrodermis,0.214285714285714
144,neuron_8,1,0.0714285714285714,gastrodermis,0.214285714285714
144,gland_9,1,0.0714285714285714,gastrodermis,0.214285714285714
144,neuron_1,1,0.0714285714285714,gastrodermis,0.214285714285714
144,gland_5,1,0.0714285714285714,gastrodermis,0.214285714285714
144,epidermis_1,1,0.0714285714285714,gastrodermis,0.214285714285714
193,host_cells,80,1,host_cells,1
195,host_cells,182,1,host_cells,1
200,host_cells,80,1,host_cells,1
201,host_cells,83,0.976470588235294,host_cells,0.976470588235294
201,mitotic_host_cells,2,0.0235294117647059,host_cells,0.976470588235294
196,host_cells,133,0.970802919708029,host_cells,0.970802919708029
196,gastrodermis,1,0.0072992700729927,host_cells,0.970802919708029
196,immune_1,1,0.0072992700729927,host_cells,0.970802919708029
196,mitotic_host_cells,1,0.0072992700729927,host_cells,0.970802919708029
196,epidermis_1,1,0.0072992700729927,host_cells,0.970802919708029
191,host_cells,114,0.966101694915254,host_cells,0.966101694915254
191,gastrodermis,4,0.0338983050847458,host_cells,0.966101694915254
197,host_cells,27,0.964285714285714,host_cells,0.964285714285714
197,gastrodermis,1,0.0357142857142857,host_cells,0.964285714285714
199,host_cells,91,0.947916666666667,host_cells,0.947916666666667
199,mitotic_host_cells,5,0.0520833333333333,host_cells,0.947916666666667
192,host_cells,79,0.940476190476191,host_cells,0.940476190476191
192,mitotic_host_cells,3,0.0357142857142857,host_cells,0.940476190476191
192,gastrodermis,2,0.0238095238095238,host_cells,0.940476190476191
194,host_cells,39,0.906976744186047,host_cells,0.906976744186047
194,gastrodermis,3,0.0697674418604651,host_cells,0.906976744186047
194,neuron_1,1,0.0232558139534884,host_cells,0.906976744186047
190,host_cells,64,0.901408450704225,host_cells,0.901408450704225
190,gastrodermis,4,0.0563380281690141,host_cells,0.901408450704225
190,mitotic_host_cells,3,0.0422535211267606,host_cells,0.901408450704225
198,host_cells,72,0.9,host_cells,0.9
198,mitotic_host_cells,5,0.0625,host_cells,0.9
198,gastrodermis,3,0.0375,host_cells,0.9
202,host_cells,71,0.876543209876543,host_cells,0.876543209876543
202,gastrodermis,4,0.0493827160493827,host_cells,0.876543209876543
202,mitotic_host_cells,3,0.037037037037037,host_cells,0.876543209876543
202,neuron_9,1,0.0123456790123457,host_cells,0.876543209876543
202,digestive_filaments,1,0.0123456790123457,host_cells,0.876543209876543
202,neuron_8,1,0.0123456790123457,host_cells,0.876543209876543
9,host_cells,8,0.615384615384615,host_cells,0.615384615384615
9,gastrodermis,2,0.153846153846154,host_cells,0.615384615384615
9,epidermis_2,1,0.0769230769230769,host_cells,0.615384615384615
9,neuron_12,1,0.0769230769230769,host_cells,0.615384615384615
9,mitotic_host_cells,1,0.0769230769230769,host_cells,0.615384615384615
11,host_cells,4,0.5,host_cells,0.5
11,gastrodermis,2,0.25,host_cells,0.5
11,digestive_filaments,1,0.125,host_cells,0.5
11,unknown,1,0.125,host_cells,0.5
6,host_cells,6,0.428571428571429,host_cells,0.428571428571429
6,gastrodermis,4,0.285714285714286,host_cells,0.428571428571429
6,mitotic_host_cells,2,0.142857142857143,host_cells,0.428571428571429
6,neuron_13,1,0.0714285714285714,host_cells,0.428571428571429
6,neuron_5,1,0.0714285714285714,host_cells,0.428571428571429
10,host_cells,8,0.4,host_cells,0.4
10,mitotic_host_cells,4,0.2,host_cells,0.4
10,gastrodermis,4,0.2,host_cells,0.4
10,neuron_2,1,0.05,host_cells,0.4
10,gland_2,1,0.05,host_cells,0.4
10,neuron_12,1,0.05,host_cells,0.4
10,gland_3_digestive,1,0.05,host_cells,0.4
7,host_cells,5,0.384615384615385,host_cells,0.384615384615385
7,digestive_filaments,2,0.153846153846154,host_cells,0.384615384615385
7,gastrodermis,2,0.153846153846154,host_cells,0.384615384615385
7,neuron_13,1,0.0769230769230769,host_cells,0.384615384615385
7,gland_8,1,0.0769230769230769,host_cells,0.384615384615385
7,immune_1,1,0.0769230769230769,host_cells,0.384615384615385
7,mitotic_host_cells,1,0.0769230769230769,host_cells,0.384615384615385
8,host_cells,5,0.357142857142857,host_cells,0.357142857142857
8,mitotic_host_cells,3,0.214285714285714,host_cells,0.357142857142857
8,gastrodermis,3,0.214285714285714,host_cells,0.357142857142857
8,gland_10,1,0.0714285714285714,host_cells,0.357142857142857
8,neuron_11,1,0.0714285714285714,host_cells,0.357142857142857
8,epidermis_1,1,0.0714285714285714,host_cells,0.357142857142857
151,host_cells,7,0.35,host_cells,0.35
151,mitotic_host_cells,5,0.25,host_cells,0.35
151,digestive_filaments,3,0.15,host_cells,0.35
151,neuron_9,1,0.05,host_cells,0.35
151,gland_7,1,0.05,host_cells,0.35
151,gland_10,1,0.05,host_cells,0.35
151,neuron_12,1,0.05,host_cells,0.35
151,neuron_3,1,0.05,host_cells,0.35
19,host_cells,1,0.333333333333333,host_cells,0.333333333333333
19,mitotic_host_cells,1,0.333333333333333,host_cells,0.333333333333333
19,gastrodermis,1,0.333333333333333,host_cells,0.333333333333333
268,host_cells,5,0.277777777777778,host_cells,0.277777777777778
268,gastrodermis,5,0.277777777777778,host_cells,0.277777777777778
268,neuron_1,2,0.111111111111111,host_cells,0.277777777777778
268,epidermis_1,2,0.111111111111111,host_cells,0.277777777777778
268,neuron_7,1,0.0555555555555556,host_cells,0.277777777777778
268,neuron_9,1,0.0555555555555556,host_cells,0.277777777777778
268,neuron_10,1,0.0555555555555556,host_cells,0.277777777777778
268,neuron_2,1,0.0555555555555556,host_cells,0.277777777777778
174,host_cells,2,0.25,host_cells,0.25
174,mitotic_host_cells,2,0.25,host_cells,0.25
174,neuron_9,1,0.125,host_cells,0.25
174,cnidocyte,1,0.125,host_cells,0.25
174,gastrodermis,1,0.125,host_cells,0.25
174,calicoblast,1,0.125,host_cells,0.25
184,mitotic_host_cells,58,0.983050847457627,mitotic_host_cells,0.983050847457627
184,neuron_8,1,0.0169491525423729,mitotic_host_cells,0.983050847457627
182,mitotic_host_cells,128,0.96969696969697,mitotic_host_cells,0.96969696969697
182,host_cells,2,0.0151515151515152,mitotic_host_cells,0.96969696969697
182,neuron_1,1,0.00757575757575758,mitotic_host_cells,0.96969696969697
182,epidermis_1,1,0.00757575757575758,mitotic_host_cells,0.96969696969697
183,mitotic_host_cells,140,0.958904109589041,mitotic_host_cells,0.958904109589041
183,host_cells,1,0.00684931506849315,mitotic_host_cells,0.958904109589041
183,neuron_1,1,0.00684931506849315,mitotic_host_cells,0.958904109589041
183,neuron_2,1,0.00684931506849315,mitotic_host_cells,0.958904109589041
183,calicoblast,1,0.00684931506849315,mitotic_host_cells,0.958904109589041
183,gland_8,1,0.00684931506849315,mitotic_host_cells,0.958904109589041
183,digestive_filaments,1,0.00684931506849315,mitotic_host_cells,0.958904109589041
181,mitotic_host_cells,55,0.873015873015873,mitotic_host_cells,0.873015873015873
181,gastrodermis,3,0.0476190476190476,mitotic_host_cells,0.873015873015873
181,epidermis_1,2,0.0317460317460317,mitotic_host_cells,0.873015873015873
181,host_cells,1,0.0158730158730159,mitotic_host_cells,0.873015873015873
181,digestive_filaments,1,0.0158730158730159,mitotic_host_cells,0.873015873015873
181,gland_1,1,0.0158730158730159,mitotic_host_cells,0.873015873015873
185,mitotic_host_cells,60,0.857142857142857,mitotic_host_cells,0.857142857142857
185,host_cells,8,0.114285714285714,mitotic_host_cells,0.857142857142857
185,gland_8,1,0.0142857142857143,mitotic_host_cells,0.857142857142857
185,gastrodermis,1,0.0142857142857143,mitotic_host_cells,0.857142857142857
186,mitotic_host_cells,43,0.811320754716981,mitotic_host_cells,0.811320754716981
186,host_cells,10,0.188679245283019,mitotic_host_cells,0.811320754716981
187,mitotic_host_cells,53,0.768115942028986,mitotic_host_cells,0.768115942028986
187,host_cells,10,0.144927536231884,mitotic_host_cells,0.768115942028986
187,gastrodermis,3,0.0434782608695652,mitotic_host_cells,0.768115942028986
187,gland_10,1,0.0144927536231884,mitotic_host_cells,0.768115942028986
187,immune_1,1,0.0144927536231884,mitotic_host_cells,0.768115942028986
187,gland_3_digestive,1,0.0144927536231884,mitotic_host_cells,0.768115942028986
146,mitotic_host_cells,3,0.75,mitotic_host_cells,0.75
146,neuron_1,1,0.25,mitotic_host_cells,0.75
189,mitotic_host_cells,19,0.703703703703704,mitotic_host_cells,0.703703703703704
189,host_cells,8,0.296296296296296,mitotic_host_cells,0.703703703703704
188,mitotic_host_cells,55,0.69620253164557,mitotic_host_cells,0.69620253164557
188,host_cells,22,0.278481012658228,mitotic_host_cells,0.69620253164557
188,gastrodermis,2,0.0253164556962025,mitotic_host_cells,0.69620253164557
166,mitotic_host_cells,2,0.666666666666667,mitotic_host_cells,0.666666666666667
166,gland_8,1,0.333333333333333,mitotic_host_cells,0.666666666666667
149,mitotic_host_cells,20,0.588235294117647,mitotic_host_cells,0.588235294117647
149,host_cells,6,0.176470588235294,mitotic_host_cells,0.588235294117647
149,gastrodermis,4,0.117647058823529,mitotic_host_cells,0.588235294117647
149,digestive_filaments,3,0.0882352941176471,mitotic_host_cells,0.588235294117647
149,immune_2,1,0.0294117647058824,mitotic_host_cells,0.588235294117647
148,mitotic_host_cells,4,0.444444444444444,mitotic_host_cells,0.444444444444444
148,gland_2,1,0.111111111111111,mitotic_host_cells,0.444444444444444
148,neuron_10,1,0.111111111111111,mitotic_host_cells,0.444444444444444
148,calicoblast,1,0.111111111111111,mitotic_host_cells,0.444444444444444
148,neuron_1,1,0.111111111111111,mitotic_host_cells,0.444444444444444
148,host_cells,1,0.111111111111111,mitotic_host_cells,0.444444444444444
150,mitotic_host_cells,5,0.416666666666667,mitotic_host_cells,0.416666666666667
150,gastrodermis,3,0.25,mitotic_host_cells,0.416666666666667
150,host_cells,2,0.166666666666667,mitotic_host_cells,0.416666666666667
150,neuron_2,1,0.0833333333333333,mitotic_host_cells,0.416666666666667
150,digestive_filaments,1,0.0833333333333333,mitotic_host_cells,0.416666666666667
147,mitotic_host_cells,5,0.294117647058824,mitotic_host_cells,0.294117647058824
147,epidermis_1,2,0.117647058823529,mitotic_host_cells,0.294117647058824
147,digestive_filaments,2,0.117647058823529,mitotic_host_cells,0.294117647058824
147,neuron_14,1,0.0588235294117647,mitotic_host_cells,0.294117647058824
147,neuron_12,1,0.0588235294117647,mitotic_host_cells,0.294117647058824
147,gastrodermis,1,0.0588235294117647,mitotic_host_cells,0.294117647058824
147,gland_3_digestive,1,0.0588235294117647,mitotic_host_cells,0.294117647058824
147,germline_sperm,1,0.0588235294117647,mitotic_host_cells,0.294117647058824
147,cnidocyte,1,0.0588235294117647,mitotic_host_cells,0.294117647058824
147,neuron_7,1,0.0588235294117647,mitotic_host_cells,0.294117647058824
147,neuron_13,1,0.0588235294117647,mitotic_host_cells,0.294117647058824
5,mitotic_host_cells,6,0.285714285714286,mitotic_host_cells,0.285714285714286
5,host_cells,6,0.285714285714286,mitotic_host_cells,0.285714285714286
5,gastrodermis,3,0.142857142857143,mitotic_host_cells,0.285714285714286
5,gland_10,1,0.0476190476190476,mitotic_host_cells,0.285714285714286
5,gland_7,1,0.0476190476190476,mitotic_host_cells,0.285714285714286
5,neuron_11,1,0.0476190476190476,mitotic_host_cells,0.285714285714286
5,digestive_filaments,1,0.0476190476190476,mitotic_host_cells,0.285714285714286
5,gland_4,1,0.0476190476190476,mitotic_host_cells,0.285714285714286
5,neuron_4,1,0.0476190476190476,mitotic_host_cells,0.285714285714286
138,mitotic_host_cells,4,0.285714285714286,mitotic_host_cells,0.285714285714286
138,gastrodermis,3,0.214285714285714,mitotic_host_cells,0.285714285714286
138,epidermis_2,1,0.0714285714285714,mitotic_host_cells,0.285714285714286
138,gland_8,1,0.0714285714285714,mitotic_host_cells,0.285714285714286
138,neuron_2,1,0.0714285714285714,mitotic_host_cells,0.285714285714286
138,gland_10,1,0.0714285714285714,mitotic_host_cells,0.285714285714286
138,neuron_12,1,0.0714285714285714,mitotic_host_cells,0.285714285714286
138,gland_3_digestive,1,0.0714285714285714,mitotic_host_cells,0.285714285714286
138,gland_9,1,0.0714285714285714,mitotic_host_cells,0.285714285714286
157,mitotic_host_cells,4,0.285714285714286,mitotic_host_cells,0.285714285714286
157,digestive_filaments,3,0.214285714285714,mitotic_host_cells,0.285714285714286
157,gland_3_digestive,2,0.142857142857143,mitotic_host_cells,0.285714285714286
157,gastrodermis,1,0.0714285714285714,mitotic_host_cells,0.285714285714286
157,epidermis_2,1,0.0714285714285714,mitotic_host_cells,0.285714285714286
157,gland_1,1,0.0714285714285714,mitotic_host_cells,0.285714285714286
157,gland_10,1,0.0714285714285714,mitotic_host_cells,0.285714285714286
157,calicoblast,1,0.0714285714285714,mitotic_host_cells,0.285714285714286
84,mitotic_host_cells,3,0.272727272727273,mitotic_host_cells,0.272727272727273
84,digestive_filaments,2,0.181818181818182,mitotic_host_cells,0.272727272727273
84,gastrodermis,1,0.0909090909090909,mitotic_host_cells,0.272727272727273
84,neuron_11,1,0.0909090909090909,mitotic_host_cells,0.272727272727273
84,neuron_2,1,0.0909090909090909,mitotic_host_cells,0.272727272727273
84,neuron_14,1,0.0909090909090909,mitotic_host_cells,0.272727272727273
84,neuron_9,1,0.0909090909090909,mitotic_host_cells,0.272727272727273
84,epidermis_1,1,0.0909090909090909,mitotic_host_cells,0.272727272727273
259,mitotic_host_cells,4,0.266666666666667,mitotic_host_cells,0.266666666666667
259,gastrodermis,4,0.266666666666667,mitotic_host_cells,0.266666666666667
259,neuron_10,2,0.133333333333333,mitotic_host_cells,0.266666666666667
259,digestive_filaments,2,0.133333333333333,mitotic_host_cells,0.266666666666667
259,gland_3_digestive,1,0.0666666666666667,mitotic_host_cells,0.266666666666667
259,gland_9,1,0.0666666666666667,mitotic_host_cells,0.266666666666667
259,neuron_1,1,0.0666666666666667,mitotic_host_cells,0.266666666666667
115,mitotic_host_cells,5,0.263157894736842,mitotic_host_cells,0.263157894736842
115,gland_10,2,0.105263157894737,mitotic_host_cells,0.263157894736842
115,digestive_filaments,2,0.105263157894737,mitotic_host_cells,0.263157894736842
115,host_cells,2,0.105263157894737,mitotic_host_cells,0.263157894736842
115,gastrodermis,2,0.105263157894737,mitotic_host_cells,0.263157894736842
115,neuron_12,1,0.0526315789473684,mitotic_host_cells,0.263157894736842
115,gland_7,1,0.0526315789473684,mitotic_host_cells,0.263157894736842
115,cnidocyte,1,0.0526315789473684,mitotic_host_cells,0.263157894736842
115,neuron_1,1,0.0526315789473684,mitotic_host_cells,0.263157894736842
115,neuron_4,1,0.0526315789473684,mitotic_host_cells,0.263157894736842
115,gland_5,1,0.0526315789473684,mitotic_host_cells,0.263157894736842
137,mitotic_host_cells,4,0.235294117647059,mitotic_host_cells,0.235294117647059
137,gastrodermis,3,0.176470588235294,mitotic_host_cells,0.235294117647059
137,epidermis_2,2,0.117647058823529,mitotic_host_cells,0.235294117647059
137,digestive_filaments,2,0.117647058823529,mitotic_host_cells,0.235294117647059
137,immune_2,1,0.0588235294117647,mitotic_host_cells,0.235294117647059
137,gland_9,1,0.0588235294117647,mitotic_host_cells,0.235294117647059
137,gland_7,1,0.0588235294117647,mitotic_host_cells,0.235294117647059
137,gland_10,1,0.0588235294117647,mitotic_host_cells,0.235294117647059
137,neuron_12,1,0.0588235294117647,mitotic_host_cells,0.235294117647059
137,gland_5,1,0.0588235294117647,mitotic_host_cells,0.235294117647059
162,mitotic_host_cells,2,0.166666666666667,mitotic_host_cells,0.166666666666667
162,gastrodermis,2,0.166666666666667,mitotic_host_cells,0.166666666666667
162,epidermis_2,1,0.0833333333333333,mitotic_host_cells,0.166666666666667
162,calicoblast,1,0.0833333333333333,mitotic_host_cells,0.166666666666667
162,neuron_7,1,0.0833333333333333,mitotic_host_cells,0.166666666666667
162,neuron_5,1,0.0833333333333333,mitotic_host_cells,0.166666666666667
162,digestive_filaments,1,0.0833333333333333,mitotic_host_cells,0.166666666666667
162,gland_8,1,0.0833333333333333,mitotic_host_cells,0.166666666666667
162,epidermis_1,1,0.0833333333333333,mitotic_host_cells,0.166666666666667
162,neuron_12,1,0.0833333333333333,mitotic_host_cells,0.166666666666667
152,germline_sperm,24,0.51063829787234,germline_sperm,0.51063829787234
152,mitotic_host_cells,21,0.446808510638298,germline_sperm,0.51063829787234
152,epidermis_1,1,0.0212765957446809,germline_sperm,0.51063829787234
152,digestive_filaments,1,0.0212765957446809,germline_sperm,0.51063829787234
28,digestive_filaments,128,0.977099236641221,digestive_filaments,0.977099236641221
28,neuron_12,1,0.00763358778625954,digestive_filaments,0.977099236641221
28,gastrodermis,1,0.00763358778625954,digestive_filaments,0.977099236641221
28,neuron_8,1,0.00763358778625954,digestive_filaments,0.977099236641221
31,digestive_filaments,62,0.96875,digestive_filaments,0.96875
31,gastrodermis_musclelike,1,0.015625,digestive_filaments,0.96875
31,epidermis_1,1,0.015625,digestive_filaments,0.96875
29,digestive_filaments,58,0.950819672131147,digestive_filaments,0.950819672131147
29,gastrodermis,1,0.0163934426229508,digestive_filaments,0.950819672131147
29,gland_4,1,0.0163934426229508,digestive_filaments,0.950819672131147
29,gastrodermis_musclelike,1,0.0163934426229508,digestive_filaments,0.950819672131147
30,digestive_filaments,58,0.950819672131147,digestive_filaments,0.950819672131147
30,gastrodermis,1,0.0163934426229508,digestive_filaments,0.950819672131147
30,epidermis_2,1,0.0163934426229508,digestive_filaments,0.950819672131147
30,gland_8,1,0.0163934426229508,digestive_filaments,0.950819672131147
25,digestive_filaments,58,0.935483870967742,digestive_filaments,0.935483870967742
25,gastrodermis,3,0.0483870967741936,digestive_filaments,0.935483870967742
25,gland_1,1,0.0161290322580645,digestive_filaments,0.935483870967742
27,digestive_filaments,42,0.91304347826087,digestive_filaments,0.91304347826087
27,gastrodermis,3,0.0652173913043478,digestive_filaments,0.91304347826087
27,gland_7,1,0.0217391304347826,digestive_filaments,0.91304347826087
26,digestive_filaments,88,0.907216494845361,digestive_filaments,0.907216494845361
26,gastrodermis,3,0.0309278350515464,digestive_filaments,0.907216494845361
26,epidermis_2,2,0.0206185567010309,digestive_filaments,0.907216494845361
26,epidermis_1,2,0.0206185567010309,digestive_filaments,0.907216494845361
26,neuron_3,1,0.0103092783505155,digestive_filaments,0.907216494845361
26,germline_sperm,1,0.0103092783505155,digestive_filaments,0.907216494845361
42,digestive_filaments,19,0.904761904761905,digestive_filaments,0.904761904761905
42,gastrodermis,2,0.0952380952380952,digestive_filaments,0.904761904761905
24,digestive_filaments,17,0.85,digestive_filaments,0.85
24,mitotic_host_cells,1,0.05,digestive_filaments,0.85
24,gland_9,1,0.05,digestive_filaments,0.85
24,epidermis_2,1,0.05,digestive_filaments,0.85
79,digestive_filaments,9,0.818181818181818,digestive_filaments,0.818181818181818
79,gland_3_digestive,1,0.0909090909090909,digestive_filaments,0.818181818181818
79,epidermis_2,1,0.0909090909090909,digestive_filaments,0.818181818181818
80,digestive_filaments,8,0.8,digestive_filaments,0.8
80,epidermis_1,1,0.1,digestive_filaments,0.8
80,gastrodermis,1,0.1,digestive_filaments,0.8
176,digestive_filaments,9,0.75,digestive_filaments,0.75
176,neuron_12,1,0.0833333333333333,digestive_filaments,0.75
176,mitotic_host_cells,1,0.0833333333333333,digestive_filaments,0.75
176,immune_2,1,0.0833333333333333,digestive_filaments,0.75
159,digestive_filaments,2,0.666666666666667,digestive_filaments,0.666666666666667
159,host_cells,1,0.333333333333333,digestive_filaments,0.666666666666667
22,digestive_filaments,8,0.615384615384615,digestive_filaments,0.615384615384615
22,mitotic_host_cells,2,0.153846153846154,digestive_filaments,0.615384615384615
22,epidermis_1,2,0.153846153846154,digestive_filaments,0.615384615384615
22,gastrodermis,1,0.0769230769230769,digestive_filaments,0.615384615384615
179,digestive_filaments,4,0.571428571428571,digestive_filaments,0.571428571428571
179,gastrodermis,2,0.285714285714286,digestive_filaments,0.571428571428571
179,neuron_11,1,0.142857142857143,digestive_filaments,0.571428571428571
12,digestive_filaments,21,0.567567567567568,digestive_filaments,0.567567567567568
12,gastrodermis_musclelike,8,0.216216216216216,digestive_filaments,0.567567567567568
12,gastrodermis,3,0.0810810810810811,digestive_filaments,0.567567567567568
12,epidermis_2,1,0.027027027027027,digestive_filaments,0.567567567567568
12,neuron_13,1,0.027027027027027,digestive_filaments,0.567567567567568
12,calicoblast,1,0.027027027027027,digestive_filaments,0.567567567567568
12,epidermis_1,1,0.027027027027027,digestive_filaments,0.567567567567568
12,neuron_3,1,0.027027027027027,digestive_filaments,0.567567567567568
81,digestive_filaments,7,0.538461538461538,digestive_filaments,0.538461538461538
81,neuron_12,1,0.0769230769230769,digestive_filaments,0.538461538461538
81,epidermis_1,1,0.0769230769230769,digestive_filaments,0.538461538461538
81,mitotic_host_cells,1,0.0769230769230769,digestive_filaments,0.538461538461538
81,gastrodermis,1,0.0769230769230769,digestive_filaments,0.538461538461538
81,gastrodermis_musclelike,1,0.0769230769230769,digestive_filaments,0.538461538461538
81,neuron_11,1,0.0769230769230769,digestive_filaments,0.538461538461538
34,digestive_filaments,7,0.5,digestive_filaments,0.5
34,epidermis_2,2,0.142857142857143,digestive_filaments,0.5
34,neuron_1,2,0.142857142857143,digestive_filaments,0.5
34,gastrodermis,1,0.0714285714285714,digestive_filaments,0.5
34,gland_4,1,0.0714285714285714,digestive_filaments,0.5
34,host_cells,1,0.0714285714285714,digestive_filaments,0.5
36,digestive_filaments,5,0.5,digestive_filaments,0.5
36,epidermis_2,1,0.1,digestive_filaments,0.5
36,mitotic_host_cells,1,0.1,digestive_filaments,0.5
36,neuron_2,1,0.1,digestive_filaments,0.5
36,neuron_6,1,0.1,digestive_filaments,0.5
36,gland_9,1,0.1,digestive_filaments,0.5
40,digestive_filaments,6,0.461538461538462,digestive_filaments,0.461538461538462
40,neuron_2,2,0.153846153846154,digestive_filaments,0.461538461538462
40,neuron_11,1,0.0769230769230769,digestive_filaments,0.461538461538462
40,gastrodermis,1,0.0769230769230769,digestive_filaments,0.461538461538462
40,gland_5,1,0.0769230769230769,digestive_filaments,0.461538461538462
40,gland_4,1,0.0769230769230769,digestive_filaments,0.461538461538462
40,neuron_13,1,0.0769230769230769,digestive_filaments,0.461538461538462
171,digestive_filaments,6,0.461538461538462,digestive_filaments,0.461538461538462
171,gastrodermis,2,0.153846153846154,digestive_filaments,0.461538461538462
171,epidermis_1,1,0.0769230769230769,digestive_filaments,0.461538461538462
171,gland_5,1,0.0769230769230769,digestive_filaments,0.461538461538462
171,neuron_14,1,0.0769230769230769,digestive_filaments,0.461538461538462
171,unknown,1,0.0769230769230769,digestive_filaments,0.461538461538462
171,neuron_9,1,0.0769230769230769,digestive_filaments,0.461538461538462
37,digestive_filaments,5,0.454545454545455,digestive_filaments,0.454545454545455
37,mitotic_host_cells,1,0.0909090909090909,digestive_filaments,0.454545454545455
37,gland_1,1,0.0909090909090909,digestive_filaments,0.454545454545455
37,gland_4,1,0.0909090909090909,digestive_filaments,0.454545454545455
37,gland_6,1,0.0909090909090909,digestive_filaments,0.454545454545455
37,neuron_13,1,0.0909090909090909,digestive_filaments,0.454545454545455
37,gland_5,1,0.0909090909090909,digestive_filaments,0.454545454545455
177,digestive_filaments,10,0.454545454545455,digestive_filaments,0.454545454545455
177,gastrodermis,5,0.227272727272727,digestive_filaments,0.454545454545455
177,neuron_13,2,0.0909090909090909,digestive_filaments,0.454545454545455
177,mitotic_host_cells,2,0.0909090909090909,digestive_filaments,0.454545454545455
177,gland_10,1,0.0454545454545455,digestive_filaments,0.454545454545455
177,host_cells,1,0.0454545454545455,digestive_filaments,0.454545454545455
177,gland_7,1,0.0454545454545455,digestive_filaments,0.454545454545455
33,digestive_filaments,4,0.4,digestive_filaments,0.4
33,gland_10,1,0.1,digestive_filaments,0.4
33,gland_6,1,0.1,digestive_filaments,0.4
33,gastrodermis,1,0.1,digestive_filaments,0.4
33,immune_2,1,0.1,digestive_filaments,0.4
33,immune_1,1,0.1,digestive_filaments,0.4
33,neuron_1,1,0.1,digestive_filaments,0.4
41,digestive_filaments,2,0.4,digestive_filaments,0.4
41,neuron_11,1,0.2,digestive_filaments,0.4
41,gastrodermis,1,0.2,digestive_filaments,0.4
41,gland_8,1,0.2,digestive_filaments,0.4
104,digestive_filaments,2,0.4,digestive_filaments,0.4
104,gastrodermis,2,0.4,digestive_filaments,0.4
104,epidermis_2,1,0.2,digestive_filaments,0.4
142,digestive_filaments,3,0.375,digestive_filaments,0.375
142,gland_6,1,0.125,digestive_filaments,0.375
142,mitotic_host_cells,1,0.125,digestive_filaments,0.375
142,host_cells,1,0.125,digestive_filaments,0.375
142,epidermis_1,1,0.125,digestive_filaments,0.375
142,neuron_10,1,0.125,digestive_filaments,0.375
160,digestive_filaments,4,0.333333333333333,digestive_filaments,0.333333333333333
160,epidermis_1,2,0.166666666666667,digestive_filaments,0.333333333333333
160,epidermis_2,1,0.0833333333333333,digestive_filaments,0.333333333333333
160,calicoblast,1,0.0833333333333333,digestive_filaments,0.333333333333333
160,gland_4,1,0.0833333333333333,digestive_filaments,0.333333333333333
160,neuron_5,1,0.0833333333333333,digestive_filaments,0.333333333333333
160,host_cells,1,0.0833333333333333,digestive_filaments,0.333333333333333
160,gland_9,1,0.0833333333333333,digestive_filaments,0.333333333333333
172,digestive_filaments,2,0.333333333333333,digestive_filaments,0.333333333333333
172,epidermis_2,1,0.166666666666667,digestive_filaments,0.333333333333333
172,epidermis_1,1,0.166666666666667,digestive_filaments,0.333333333333333
172,calicoblast,1,0.166666666666667,digestive_filaments,0.333333333333333
172,unknown,1,0.166666666666667,digestive_filaments,0.333333333333333
257,digestive_filaments,3,0.1875,digestive_filaments,0.1875
257,gastrodermis,3,0.1875,digestive_filaments,0.1875
257,mitotic_host_cells,2,0.125,digestive_filaments,0.1875
257,host_cells,2,0.125,digestive_filaments,0.1875
257,neuron_7,1,0.0625,digestive_filaments,0.1875
257,epidermis_2,1,0.0625,digestive_filaments,0.1875
257,gland_2,1,0.0625,digestive_filaments,0.1875
257,gland_8,1,0.0625,digestive_filaments,0.1875
257,calicoblast,1,0.0625,digestive_filaments,0.1875
257,neuron_13,1,0.0625,digestive_filaments,0.1875
135,digestive_filaments,2,0.142857142857143,digestive_filaments,0.142857142857143
135,gland_7,2,0.142857142857143,digestive_filaments,0.142857142857143
135,gastrodermis,2,0.142857142857143,digestive_filaments,0.142857142857143
135,neuron_10,1,0.0714285714285714,digestive_filaments,0.142857142857143
135,epidermis_2,1,0.0714285714285714,digestive_filaments,0.142857142857143
135,cnidocyte,1,0.0714285714285714,digestive_filaments,0.142857142857143
135,mitotic_host_cells,1,0.0714285714285714,digestive_filaments,0.142857142857143
135,gland_8,1,0.0714285714285714,digestive_filaments,0.142857142857143
135,neuron_1,1,0.0714285714285714,digestive_filaments,0.142857142857143
135,neuron_9,1,0.0714285714285714,digestive_filaments,0.142857142857143
135,host_cells,1,0.0714285714285714,digestive_filaments,0.142857142857143
116,digestive_filaments,2,0.133333333333333,digestive_filaments,0.133333333333333
116,neuron_1,2,0.133333333333333,digestive_filaments,0.133333333333333
116,epidermis_2,2,0.133333333333333,digestive_filaments,0.133333333333333
116,epidermis_1,2,0.133333333333333,digestive_filaments,0.133333333333333
116,germline_sperm,1,0.0666666666666667,digestive_filaments,0.133333333333333
116,neuron_10,1,0.0666666666666667,digestive_filaments,0.133333333333333
116,gastrodermis,1,0.0666666666666667,digestive_filaments,0.133333333333333
116,mitotic_host_cells,1,0.0666666666666667,digestive_filaments,0.133333333333333
116,calicoblast,1,0.0666666666666667,digestive_filaments,0.133333333333333
116,gland_3_digestive,1,0.0666666666666667,digestive_filaments,0.133333333333333
116,gland_7,1,0.0666666666666667,digestive_filaments,0.133333333333333
130,epidermis_1,68,0.985507246376812,epidermis_1,0.985507246376812
130,epidermis_2,1,0.0144927536231884,epidermis_1,0.985507246376812
102,epidermis_1,103,0.980952380952381,epidermis_1,0.980952380952381
102,epidermis_2,2,0.0190476190476191,epidermis_1,0.980952380952381
88,epidermis_1,61,0.968253968253968,epidermis_1,0.968253968253968
88,gastrodermis,2,0.0317460317460317,epidermis_1,0.968253968253968
97,epidermis_1,82,0.964705882352941,epidermis_1,0.964705882352941
97,epidermis_2,3,0.0352941176470588,epidermis_1,0.964705882352941
98,epidermis_1,71,0.959459459459459,epidermis_1,0.959459459459459
98,epidermis_2,2,0.027027027027027,epidermis_1,0.959459459459459
98,neuron_4,1,0.0135135135135135,epidermis_1,0.959459459459459
131,epidermis_1,44,0.956521739130435,epidermis_1,0.956521739130435
131,epidermis_2,1,0.0217391304347826,epidermis_1,0.956521739130435
131,neuron_8,1,0.0217391304347826,epidermis_1,0.956521739130435
94,epidermis_1,42,0.954545454545455,epidermis_1,0.954545454545455
94,epidermis_2,2,0.0454545454545455,epidermis_1,0.954545454545455
103,epidermis_1,84,0.954545454545455,epidermis_1,0.954545454545455
103,epidermis_2,3,0.0340909090909091,epidermis_1,0.954545454545455
103,gland_9,1,0.0113636363636364,epidermis_1,0.954545454545455
91,epidermis_1,40,0.952380952380952,epidermis_1,0.952380952380952
91,neuron_1,1,0.0238095238095238,epidermis_1,0.952380952380952
91,epidermis_2,1,0.0238095238095238,epidermis_1,0.952380952380952
99,epidermis_1,60,0.952380952380952,epidermis_1,0.952380952380952
99,immune_1,1,0.0158730158730159,epidermis_1,0.952380952380952
99,gastrodermis,1,0.0158730158730159,epidermis_1,0.952380952380952
99,neuron_2,1,0.0158730158730159,epidermis_1,0.952380952380952
90,epidermis_1,30,0.9375,epidermis_1,0.9375
90,gland_9,1,0.03125,epidermis_1,0.9375
90,epidermis_2,1,0.03125,epidermis_1,0.9375
93,epidermis_1,104,0.928571428571429,epidermis_1,0.928571428571429
93,epidermis_2,5,0.0446428571428571,epidermis_1,0.928571428571429
93,digestive_filaments,2,0.0178571428571429,epidermis_1,0.928571428571429
93,mitotic_host_cells,1,0.00892857142857143,epidermis_1,0.928571428571429
101,epidermis_1,100,0.91743119266055,epidermis_1,0.91743119266055
101,epidermis_2,9,0.0825688073394496,epidermis_1,0.91743119266055
86,epidermis_1,56,0.903225806451613,epidermis_1,0.903225806451613
86,epidermis_2,5,0.0806451612903226,epidermis_1,0.903225806451613
86,gastrodermis,1,0.0161290322580645,epidermis_1,0.903225806451613
100,epidermis_1,46,0.867924528301887,epidermis_1,0.867924528301887
100,epidermis_2,7,0.132075471698113,epidermis_1,0.867924528301887
132,epidermis_1,21,0.807692307692308,epidermis_1,0.807692307692308
132,epidermis_2,3,0.115384615384615,epidermis_1,0.807692307692308
132,gastrodermis,1,0.0384615384615385,epidermis_1,0.807692307692308
132,calicoblast,1,0.0384615384615385,epidermis_1,0.807692307692308
165,epidermis_1,15,0.789473684210526,epidermis_1,0.789473684210526
165,digestive_filaments,1,0.0526315789473684,epidermis_1,0.789473684210526
165,neuron_12,1,0.0526315789473684,epidermis_1,0.789473684210526
165,neuron_8,1,0.0526315789473684,epidermis_1,0.789473684210526
165,calicoblast,1,0.0526315789473684,epidermis_1,0.789473684210526
92,epidermis_1,18,0.72,epidermis_1,0.72
92,epidermis_2,6,0.24,epidermis_1,0.72
92,digestive_filaments,1,0.04,epidermis_1,0.72
77,epidermis_1,13,0.65,epidermis_1,0.65
77,gastrodermis,3,0.15,epidermis_1,0.65
77,digestive_filaments,2,0.1,epidermis_1,0.65
77,gland_6,1,0.05,epidermis_1,0.65
77,mitotic_host_cells,1,0.05,epidermis_1,0.65
164,epidermis_1,24,0.648648648648649,epidermis_1,0.648648648648649
164,gastrodermis,4,0.108108108108108,epidermis_1,0.648648648648649
164,epidermis_2,2,0.0540540540540541,epidermis_1,0.648648648648649
164,digestive_filaments,1,0.027027027027027,epidermis_1,0.648648648648649
164,gland_5,1,0.027027027027027,epidermis_1,0.648648648648649
164,neuron_1,1,0.027027027027027,epidermis_1,0.648648648648649
164,neuron_14,1,0.027027027027027,epidermis_1,0.648648648648649
164,gland_1,1,0.027027027027027,epidermis_1,0.648648648648649
164,mitotic_host_cells,1,0.027027027027027,epidermis_1,0.648648648648649
164,neuron_13,1,0.027027027027027,epidermis_1,0.648648648648649
158,epidermis_1,9,0.6,epidermis_1,0.6
158,epidermis_2,2,0.133333333333333,epidermis_1,0.6
158,mitotic_host_cells,1,0.0666666666666667,epidermis_1,0.6
158,gland_8,1,0.0666666666666667,epidermis_1,0.6
158,gland_9,1,0.0666666666666667,epidermis_1,0.6
158,neuron_10,1,0.0666666666666667,epidermis_1,0.6
128,epidermis_1,40,0.588235294117647,epidermis_1,0.588235294117647
128,calicoblast,25,0.367647058823529,epidermis_1,0.588235294117647
128,epidermis_2,3,0.0441176470588235,epidermis_1,0.588235294117647
106,epidermis_1,3,0.5,epidermis_1,0.5
106,immune_1,1,0.166666666666667,epidermis_1,0.5
106,neuron_10,1,0.166666666666667,epidermis_1,0.5
106,digestive_filaments,1,0.166666666666667,epidermis_1,0.5
129,epidermis_1,12,0.444444444444444,epidermis_1,0.444444444444444
129,calicoblast,5,0.185185185185185,epidermis_1,0.444444444444444
129,epidermis_2,4,0.148148148148148,epidermis_1,0.444444444444444
129,mitotic_host_cells,1,0.037037037037037,epidermis_1,0.444444444444444
129,digestive_filaments,1,0.037037037037037,epidermis_1,0.444444444444444
129,neuron_5,1,0.037037037037037,epidermis_1,0.444444444444444
129,neuron_12,1,0.037037037037037,epidermis_1,0.444444444444444
129,gastrodermis,1,0.037037037037037,epidermis_1,0.444444444444444
129,host_cells,1,0.037037037037037,epidermis_1,0.444444444444444
83,epidermis_1,5,0.416666666666667,epidermis_1,0.416666666666667
83,mitotic_host_cells,4,0.333333333333333,epidermis_1,0.416666666666667
83,gland_3_digestive,1,0.0833333333333333,epidermis_1,0.416666666666667
83,gland_6,1,0.0833333333333333,epidermis_1,0.416666666666667
83,gastrodermis,1,0.0833333333333333,epidermis_1,0.416666666666667
108,epidermis_1,2,0.4,epidermis_1,0.4
108,gastrodermis,2,0.4,epidermis_1,0.4
108,mitotic_host_cells,1,0.2,epidermis_1,0.4
78,epidermis_1,3,0.333333333333333,epidermis_1,0.333333333333333
78,mitotic_host_cells,1,0.111111111111111,epidermis_1,0.333333333333333
78,digestive_filaments,1,0.111111111111111,epidermis_1,0.333333333333333
78,host_cells,1,0.111111111111111,epidermis_1,0.333333333333333
78,epidermis_2,1,0.111111111111111,epidermis_1,0.333333333333333
78,neuron_13,1,0.111111111111111,epidermis_1,0.333333333333333
78,neuron_7,1,0.111111111111111,epidermis_1,0.333333333333333
85,epidermis_1,1,0.333333333333333,epidermis_1,0.333333333333333
85,gland_5,1,0.333333333333333,epidermis_1,0.333333333333333
85,epidermis_2,1,0.333333333333333,epidermis_1,0.333333333333333
134,epidermis_1,2,0.333333333333333,epidermis_1,0.333333333333333
134,digestive_filaments,2,0.333333333333333,epidermis_1,0.333333333333333
134,mitotic_host_cells,1,0.166666666666667,epidermis_1,0.333333333333333
134,neuron_7,1,0.166666666666667,epidermis_1,0.333333333333333
167,epidermis_1,2,0.285714285714286,epidermis_1,0.285714285714286
167,epidermis_2,1,0.142857142857143,epidermis_1,0.285714285714286
167,gland_6,1,0.142857142857143,epidermis_1,0.285714285714286
167,gastrodermis,1,0.142857142857143,epidermis_1,0.285714285714286
167,calicoblast,1,0.142857142857143,epidermis_1,0.285714285714286
167,neuron_1,1,0.142857142857143,epidermis_1,0.285714285714286
107,epidermis_1,2,0.222222222222222,epidermis_1,0.222222222222222
107,gland_10,1,0.111111111111111,epidermis_1,0.222222222222222
107,neuron_13,1,0.111111111111111,epidermis_1,0.222222222222222
107,neuron_9,1,0.111111111111111,epidermis_1,0.222222222222222
107,neuron_7,1,0.111111111111111,epidermis_1,0.222222222222222
107,neuron_8,1,0.111111111111111,epidermis_1,0.222222222222222
107,gland_3_digestive,1,0.111111111111111,epidermis_1,0.222222222222222
107,neuron_1,1,0.111111111111111,epidermis_1,0.222222222222222
66,epidermis_1,2,0.181818181818182,epidermis_1,0.181818181818182
66,gastrodermis,2,0.181818181818182,epidermis_1,0.181818181818182
66,host_cells,2,0.181818181818182,epidermis_1,0.181818181818182
66,gland_7,1,0.0909090909090909,epidermis_1,0.181818181818182
66,neuron_13,1,0.0909090909090909,epidermis_1,0.181818181818182
66,neuron_2,1,0.0909090909090909,epidermis_1,0.181818181818182
66,epidermis_2,1,0.0909090909090909,epidermis_1,0.181818181818182
66,digestive_filaments,1,0.0909090909090909,epidermis_1,0.181818181818182
168,epidermis_1,2,0.166666666666667,epidermis_1,0.166666666666667
168,gastrodermis,2,0.166666666666667,epidermis_1,0.166666666666667
168,neuron_1,2,0.166666666666667,epidermis_1,0.166666666666667
168,epidermis_2,1,0.0833333333333333,epidermis_1,0.166666666666667
168,gland_5,1,0.0833333333333333,epidermis_1,0.166666666666667
168,mitotic_host_cells,1,0.0833333333333333,epidermis_1,0.166666666666667
168,neuron_8,1,0.0833333333333333,epidermis_1,0.166666666666667
168,host_cells,1,0.0833333333333333,epidermis_1,0.166666666666667
168,immune_2,1,0.0833333333333333,epidermis_1,0.166666666666667
161,epidermis_2,160,0.975609756097561,epidermis_2,0.975609756097561
161,epidermis_1,2,0.0121951219512195,epidermis_2,0.975609756097561
161,neuron_13,1,0.00609756097560976,epidermis_2,0.975609756097561
161,digestive_filaments,1,0.00609756097560976,epidermis_2,0.975609756097561
126,epidermis_2,44,0.956521739130435,epidermis_2,0.956521739130435
126,calicoblast,1,0.0217391304347826,epidermis_2,0.956521739130435
126,epidermis_1,1,0.0217391304347826,epidermis_2,0.956521739130435
96,epidermis_2,126,0.940298507462687,epidermis_2,0.940298507462687
96,epidermis_1,6,0.0447761194029851,epidermis_2,0.940298507462687
96,neuron_13,1,0.00746268656716418,epidermis_2,0.940298507462687
96,immune_1,1,0.00746268656716418,epidermis_2,0.940298507462687
127,epidermis_2,47,0.94,epidermis_2,0.94
127,gastrodermis,1,0.02,epidermis_2,0.94
127,neuron_5,1,0.02,epidermis_2,0.94
127,epidermis_1,1,0.02,epidermis_2,0.94
125,epidermis_2,160,0.92485549132948,epidermis_2,0.92485549132948
125,epidermis_1,12,0.069364161849711,epidermis_2,0.92485549132948
125,calicoblast,1,0.00578034682080925,epidermis_2,0.92485549132948
123,epidermis_2,73,0.839080459770115,epidermis_2,0.839080459770115
123,epidermis_1,14,0.160919540229885,epidermis_2,0.839080459770115
124,epidermis_2,24,0.827586206896552,epidermis_2,0.827586206896552
124,epidermis_1,3,0.103448275862069,epidermis_2,0.827586206896552
124,digestive_filaments,1,0.0344827586206897,epidermis_2,0.827586206896552
124,gastrodermis,1,0.0344827586206897,epidermis_2,0.827586206896552
95,epidermis_2,64,0.810126582278481,epidermis_2,0.810126582278481
95,epidermis_1,13,0.164556962025316,epidermis_2,0.810126582278481
95,gastrodermis,1,0.0126582278481013,epidermis_2,0.810126582278481
95,neuron_13,1,0.0126582278481013,epidermis_2,0.810126582278481
178,epidermis_2,22,0.785714285714286,epidermis_2,0.785714285714286
178,digestive_filaments,4,0.142857142857143,epidermis_2,0.785714285714286
178,neuron_14,1,0.0357142857142857,epidermis_2,0.785714285714286
178,gland_5,1,0.0357142857142857,epidermis_2,0.785714285714286
89,epidermis_2,21,0.7,epidermis_2,0.7
89,epidermis_1,9,0.3,epidermis_2,0.7
109,epidermis_2,9,0.692307692307692,epidermis_2,0.692307692307692
109,calicoblast,1,0.0769230769230769,epidermis_2,0.692307692307692
109,gastrodermis,1,0.0769230769230769,epidermis_2,0.692307692307692
109,digestive_filaments,1,0.0769230769230769,epidermis_2,0.692307692307692
109,gland_6,1,0.0769230769230769,epidermis_2,0.692307692307692
110,epidermis_2,4,0.571428571428571,epidermis_2,0.571428571428571
110,mitotic_host_cells,1,0.142857142857143,epidermis_2,0.571428571428571
110,gland_9,1,0.142857142857143,epidermis_2,0.571428571428571
110,host_cells,1,0.142857142857143,epidermis_2,0.571428571428571
113,epidermis_2,3,0.5,epidermis_2,0.5
113,neuron_14,1,0.166666666666667,epidermis_2,0.5
113,immune_2,1,0.166666666666667,epidermis_2,0.5
113,cnidocyte,1,0.166666666666667,epidermis_2,0.5
114,epidermis_2,8,0.5,epidermis_2,0.5
114,epidermis_1,5,0.3125,epidermis_2,0.5
114,neuron_12,1,0.0625,epidermis_2,0.5
114,neuron_9,1,0.0625,epidermis_2,0.5
114,gland_9,1,0.0625,epidermis_2,0.5
173,epidermis_2,2,0.4,epidermis_2,0.4
173,mitotic_host_cells,2,0.4,epidermis_2,0.4
173,host_cells,1,0.2,epidermis_2,0.4
76,epidermis_2,4,0.363636363636364,epidermis_2,0.363636363636364
76,epidermis_1,3,0.272727272727273,epidermis_2,0.363636363636364
76,gastrodermis,2,0.181818181818182,epidermis_2,0.363636363636364
76,digestive_filaments,1,0.0909090909090909,epidermis_2,0.363636363636364
76,immune_1,1,0.0909090909090909,epidermis_2,0.363636363636364
105,epidermis_2,2,0.2,epidermis_2,0.2
105,digestive_filaments,2,0.2,epidermis_2,0.2
105,mitotic_host_cells,1,0.1,epidermis_2,0.2
105,epidermis_1,1,0.1,epidermis_2,0.2
105,gland_7,1,0.1,epidermis_2,0.2
105,neuron_13,1,0.1,epidermis_2,0.2
105,gastrodermis,1,0.1,epidermis_2,0.2
105,neuron_8,1,0.1,epidermis_2,0.2
139,epidermis_2,4,0.2,epidermis_2,0.2
139,gastrodermis,4,0.2,epidermis_2,0.2
139,epidermis_1,4,0.2,epidermis_2,0.2
139,neuron_12,1,0.05,epidermis_2,0.2
139,mitotic_host_cells,1,0.05,epidermis_2,0.2
139,immune_2,1,0.05,epidermis_2,0.2
139,digestive_filaments,1,0.05,epidermis_2,0.2
139,gland_7,1,0.05,epidermis_2,0.2
139,gland_9,1,0.05,epidermis_2,0.2
139,neuron_1,1,0.05,epidermis_2,0.2
139,gland_8,1,0.05,epidermis_2,0.2
18,epidermis_2,1,0.125,epidermis_2,0.125
18,digestive_filaments,1,0.125,epidermis_2,0.125
18,neuron_12,1,0.125,epidermis_2,0.125
18,unknown,1,0.125,epidermis_2,0.125
18,mitotic_host_cells,1,0.125,epidermis_2,0.125
18,neuron_10,1,0.125,epidermis_2,0.125
18,gland_5,1,0.125,epidermis_2,0.125
18,neuron_1,1,0.125,epidermis_2,0.125
120,calicoblast,97,1,calicoblast,1
122,calicoblast,100,1,calicoblast,1
153,calicoblast,62,1,calicoblast,1
155,calicoblast,171,0.994186046511628,calicoblast,0.994186046511628
155,epidermis_1,1,0.00581395348837209,calicoblast,0.994186046511628
156,calicoblast,112,0.991150442477876,calicoblast,0.991150442477876
156,gastrodermis,1,0.00884955752212389,calicoblast,0.991150442477876
154,calicoblast,83,0.988095238095238,calicoblast,0.988095238095238
154,epidermis_1,1,0.0119047619047619,calicoblast,0.988095238095238
121,calicoblast,105,0.945945945945946,calicoblast,0.945945945945946
121,epidermis_2,3,0.027027027027027,calicoblast,0.945945945945946
121,epidermis_1,1,0.00900900900900901,calicoblast,0.945945945945946
121,digestive_filaments,1,0.00900900900900901,calicoblast,0.945945945945946
121,gastrodermis,1,0.00900900900900901,calicoblast,0.945945945945946
119,calicoblast,12,0.857142857142857,calicoblast,0.857142857142857
119,epidermis_2,1,0.0714285714285714,calicoblast,0.857142857142857
119,epidermis_1,1,0.0714285714285714,calicoblast,0.857142857142857
118,calicoblast,2,0.4,calicoblast,0.4
118,epidermis_2,2,0.4,calicoblast,0.4
118,neuron_12,1,0.2,calicoblast,0.4
43,neuron_1,109,0.964601769911504,neuron_1,0.964601769911504
43,neuron_10,1,0.00884955752212389,neuron_1,0.964601769911504
43,mitotic_host_cells,1,0.00884955752212389,neuron_1,0.964601769911504
43,neuron_5,1,0.00884955752212389,neuron_1,0.964601769911504
43,gastrodermis,1,0.00884955752212389,neuron_1,0.964601769911504
49,neuron_1,102,0.962264150943396,neuron_1,0.962264150943396
49,neuron_4,1,0.00943396226415094,neuron_1,0.962264150943396
49,gland_8,1,0.00943396226415094,neuron_1,0.962264150943396
49,neuron_7,1,0.00943396226415094,neuron_1,0.962264150943396
49,epidermis_1,1,0.00943396226415094,neuron_1,0.962264150943396
44,neuron_1,121,0.96031746031746,neuron_1,0.96031746031746
44,gland_1,2,0.0158730158730159,neuron_1,0.96031746031746
44,neuron_9,1,0.00793650793650794,neuron_1,0.96031746031746
44,epidermis_1,1,0.00793650793650794,neuron_1,0.96031746031746
44,neuron_4,1,0.00793650793650794,neuron_1,0.96031746031746
51,neuron_1,64,0.901408450704225,neuron_1,0.901408450704225
51,neuron_5,5,0.0704225352112676,neuron_1,0.901408450704225
51,neuron_4,1,0.0140845070422535,neuron_1,0.901408450704225
51,gland_5,1,0.0140845070422535,neuron_1,0.901408450704225
50,neuron_1,65,0.89041095890411,neuron_1,0.89041095890411
50,neuron_5,4,0.0547945205479452,neuron_1,0.89041095890411
50,gastrodermis,2,0.0273972602739726,neuron_1,0.89041095890411
50,mitotic_host_cells,1,0.0136986301369863,neuron_1,0.89041095890411
50,unknown,1,0.0136986301369863,neuron_1,0.89041095890411
272,neuron_1,43,0.796296296296296,neuron_1,0.796296296296296
272,gastrodermis,7,0.12962962962963,neuron_1,0.796296296296296
272,digestive_filaments,2,0.037037037037037,neuron_1,0.796296296296296
272,neuron_4,1,0.0185185185185185,neuron_1,0.796296296296296
272,host_cells,1,0.0185185185185185,neuron_1,0.796296296296296
16,neuron_1,1,0.5,neuron_1,0.5
16,gland_2,1,0.5,neuron_1,0.5
180,neuron_1,2,0.4,neuron_1,0.4
180,gastrodermis,1,0.2,neuron_1,0.4
180,neuron_11,1,0.2,neuron_1,0.4
180,digestive_filaments,1,0.2,neuron_1,0.4
141,neuron_1,1,0.25,neuron_1,0.25
141,host_cells,1,0.25,neuron_1,0.25
141,neuron_2,1,0.25,neuron_1,0.25
141,gastrodermis,1,0.25,neuron_1,0.25
52,neuron_2,82,0.964705882352941,neuron_2,0.964705882352941
52,neuron_14,1,0.0117647058823529,neuron_2,0.964705882352941
52,neuron_7,1,0.0117647058823529,neuron_2,0.964705882352941
52,gastrodermis,1,0.0117647058823529,neuron_2,0.964705882352941
47,neuron_3,78,0.917647058823529,neuron_3,0.917647058823529
47,unknown,2,0.0235294117647059,neuron_3,0.917647058823529
47,digestive_filaments,1,0.0117647058823529,neuron_3,0.917647058823529
47,neuron_11,1,0.0117647058823529,neuron_3,0.917647058823529
47,neuron_4,1,0.0117647058823529,neuron_3,0.917647058823529
47,neuron_5,1,0.0117647058823529,neuron_3,0.917647058823529
47,gland_4,1,0.0117647058823529,neuron_3,0.917647058823529
53,neuron_4,81,0.987804878048781,neuron_4,0.987804878048781
53,neuron_3,1,0.0121951219512195,neuron_4,0.987804878048781
54,neuron_4,111,0.982300884955752,neuron_4,0.982300884955752
54,neuron_14,1,0.00884955752212389,neuron_4,0.982300884955752
54,gastrodermis,1,0.00884955752212389,neuron_4,0.982300884955752
48,neuron_4,107,0.981651376146789,neuron_4,0.981651376146789
48,gastrodermis,1,0.0091743119266055,neuron_4,0.981651376146789
48,neuron_5,1,0.0091743119266055,neuron_4,0.981651376146789
46,neuron_5,136,0.985507246376812,neuron_5,0.985507246376812
46,neuron_7,1,0.0072463768115942,neuron_5,0.985507246376812
46,gland_1,1,0.0072463768115942,neuron_5,0.985507246376812
45,neuron_5,100,0.925925925925926,neuron_5,0.925925925925926
45,neuron_4,3,0.0277777777777778,neuron_5,0.925925925925926
45,neuron_1,2,0.0185185185185185,neuron_5,0.925925925925926
45,mitotic_host_cells,1,0.00925925925925926,neuron_5,0.925925925925926
45,digestive_filaments,1,0.00925925925925926,neuron_5,0.925925925925926
45,gastrodermis,1,0.00925925925925926,neuron_5,0.925925925925926
68,neuron_5,11,0.785714285714286,neuron_5,0.785714285714286
68,digestive_filaments,1,0.0714285714285714,neuron_5,0.785714285714286
68,neuron_4,1,0.0714285714285714,neuron_5,0.785714285714286
68,gastrodermis,1,0.0714285714285714,neuron_5,0.785714285714286
73,neuron_6,65,0.722222222222222,neuron_6,0.722222222222222
73,neuron_10,20,0.222222222222222,neuron_6,0.722222222222222
73,digestive_filaments,2,0.0222222222222222,neuron_6,0.722222222222222
73,epidermis_2,1,0.0111111111111111,neuron_6,0.722222222222222
73,gland_6,1,0.0111111111111111,neuron_6,0.722222222222222
73,epidermis_1,1,0.0111111111111111,neuron_6,0.722222222222222
35,neuron_6,1,0.333333333333333,neuron_6,0.333333333333333
35,gastrodermis,1,0.333333333333333,neuron_6,0.333333333333333
35,host_cells,1,0.333333333333333,neuron_6,0.333333333333333
63,neuron_7,36,0.72,neuron_7,0.72
63,neuron_14,9,0.18,neuron_7,0.72
63,gland_10,1,0.02,neuron_7,0.72
63,gastrodermis,1,0.02,neuron_7,0.72
63,neuron_12,1,0.02,neuron_7,0.72
63,neuron_8,1,0.02,neuron_7,0.72
63,gland_6,1,0.02,neuron_7,0.72
65,neuron_8,79,0.738317757009346,neuron_8,0.738317757009346
65,neuron_13,20,0.186915887850467,neuron_8,0.738317757009346
65,neuron_10,5,0.0467289719626168,neuron_8,0.738317757009346
65,neuron_1,1,0.00934579439252336,neuron_8,0.738317757009346
65,neuron_7,1,0.00934579439252336,neuron_8,0.738317757009346
65,cnidocyte,1,0.00934579439252336,neuron_8,0.738317757009346
64,neuron_9,74,0.813186813186813,neuron_9,0.813186813186813
64,neuron_1,14,0.153846153846154,neuron_9,0.813186813186813
64,mitotic_host_cells,1,0.010989010989011,neuron_9,0.813186813186813
64,neuron_10,1,0.010989010989011,neuron_9,0.813186813186813
64,neuron_7,1,0.010989010989011,neuron_9,0.813186813186813
56,neuron_11,73,0.890243902439024,neuron_11,0.890243902439024
56,neuron_4,2,0.024390243902439,neuron_11,0.890243902439024
56,host_cells,1,0.0121951219512195,neuron_11,0.890243902439024
56,epidermis_2,1,0.0121951219512195,neuron_11,0.890243902439024
56,neuron_7,1,0.0121951219512195,neuron_11,0.890243902439024
56,epidermis_1,1,0.0121951219512195,neuron_11,0.890243902439024
56,mitotic_host_cells,1,0.0121951219512195,neuron_11,0.890243902439024
56,neuron_1,1,0.0121951219512195,neuron_11,0.890243902439024
56,digestive_filaments,1,0.0121951219512195,neuron_11,0.890243902439024
58,neuron_12,35,0.897435897435897,neuron_12,0.897435897435897
58,gastrodermis,2,0.0512820512820513,neuron_12,0.897435897435897
58,digestive_filaments,1,0.0256410256410256,neuron_12,0.897435897435897
58,calicoblast,1,0.0256410256410256,neuron_12,0.897435897435897
117,neuron_12,8,0.363636363636364,neuron_12,0.363636363636364
117,gastrodermis,6,0.272727272727273,neuron_12,0.363636363636364
117,immune_1,4,0.181818181818182,neuron_12,0.363636363636364
117,gland_7,1,0.0454545454545455,neuron_12,0.363636363636364
117,mitotic_host_cells,1,0.0454545454545455,neuron_12,0.363636363636364
117,neuron_1,1,0.0454545454545455,neuron_12,0.363636363636364
117,gland_6,1,0.0454545454545455,neuron_12,0.363636363636364
170,neuron_12,2,0.285714285714286,neuron_12,0.285714285714286
170,digestive_filaments,2,0.285714285714286,neuron_12,0.285714285714286
170,gland_3_digestive,1,0.142857142857143,neuron_12,0.285714285714286
170,immune_1,1,0.142857142857143,neuron_12,0.285714285714286
170,gastrodermis,1,0.142857142857143,neuron_12,0.285714285714286
55,neuron_14,42,0.933333333333333,neuron_14,0.933333333333333
55,gastrodermis,1,0.0222222222222222,neuron_14,0.933333333333333
55,neuron_7,1,0.0222222222222222,neuron_14,0.933333333333333
55,digestive_filaments,1,0.0222222222222222,neuron_14,0.933333333333333
59,gland_1,83,0.988095238095238,gland_1,0.988095238095238
59,mitotic_host_cells,1,0.0119047619047619,gland_1,0.988095238095238
71,gland_2,31,0.96875,gland_2,0.96875
71,digestive_filaments,1,0.03125,gland_2,0.96875
60,gland_3_digestive,62,0.953846153846154,gland_3_digestive,0.953846153846154
60,gastrodermis,1,0.0153846153846154,gland_3_digestive,0.953846153846154
60,digestive_filaments,1,0.0153846153846154,gland_3_digestive,0.953846153846154
60,epidermis_1,1,0.0153846153846154,gland_3_digestive,0.953846153846154
70,gland_4,67,0.957142857142857,gland_4,0.957142857142857
70,gland_8,1,0.0142857142857143,gland_4,0.957142857142857
70,neuron_5,1,0.0142857142857143,gland_4,0.957142857142857
70,gastrodermis,1,0.0142857142857143,gland_4,0.957142857142857
254,gland_4,1,0.2,gland_4,0.2
254,neuron_8,1,0.2,gland_4,0.2
254,mitotic_host_cells,1,0.2,gland_4,0.2
254,gastrodermis,1,0.2,gland_4,0.2
254,gland_3_digestive,1,0.2,gland_4,0.2
61,gland_5,40,0.714285714285714,gland_5,0.714285714285714
61,neuron_7,12,0.214285714285714,gland_5,0.714285714285714
61,gland_8,2,0.0357142857142857,gland_5,0.714285714285714
61,immune_1,1,0.0178571428571429,gland_5,0.714285714285714
61,neuron_9,1,0.0178571428571429,gland_5,0.714285714285714
74,gland_6,56,0.888888888888889,gland_6,0.888888888888889
74,calicoblast,2,0.0317460317460317,gland_6,0.888888888888889
74,digestive_filaments,2,0.0317460317460317,gland_6,0.888888888888889
74,epidermis_1,1,0.0158730158730159,gland_6,0.888888888888889
74,host_cells,1,0.0158730158730159,gland_6,0.888888888888889
74,neuron_2,1,0.0158730158730159,gland_6,0.888888888888889
75,gland_7,104,0.97196261682243,gland_7,0.97196261682243
75,mitotic_host_cells,2,0.0186915887850467,gland_7,0.97196261682243
75,gland_6,1,0.00934579439252336,gland_7,0.97196261682243
72,gland_8,82,0.872340425531915,gland_8,0.872340425531915
72,digestive_filaments,4,0.0425531914893617,gland_8,0.872340425531915
72,epidermis_2,1,0.0106382978723404,gland_8,0.872340425531915
72,neuron_4,1,0.0106382978723404,gland_8,0.872340425531915
72,calicoblast,1,0.0106382978723404,gland_8,0.872340425531915
72,gland_3_digestive,1,0.0106382978723404,gland_8,0.872340425531915
72,mitotic_host_cells,1,0.0106382978723404,gland_8,0.872340425531915
72,gastrodermis,1,0.0106382978723404,gland_8,0.872340425531915
72,neuron_1,1,0.0106382978723404,gland_8,0.872340425531915
72,host_cells,1,0.0106382978723404,gland_8,0.872340425531915
175,gland_8,1,0.5,gland_8,0.5
175,gastrodermis,1,0.5,gland_8,0.5
163,gland_9,58,0.966666666666667,gland_9,0.966666666666667
163,gastrodermis,1,0.0166666666666667,gland_9,0.966666666666667
163,epidermis_2,1,0.0166666666666667,gland_9,0.966666666666667
62,gland_10,102,0.962264150943396,gland_10,0.962264150943396
62,gland_3_digestive,1,0.00943396226415094,gland_10,0.962264150943396
62,mitotic_host_cells,1,0.00943396226415094,gland_10,0.962264150943396
62,gastrodermis,1,0.00943396226415094,gland_10,0.962264150943396
62,neuron_1,1,0.00943396226415094,gland_10,0.962264150943396
69,unknown,145,0.900621118012422,unknown,0.900621118012422
69,digestive_filaments,6,0.0372670807453416,unknown,0.900621118012422
69,gland_7,3,0.0186335403726708,unknown,0.900621118012422
69,neuron_1,2,0.0124223602484472,unknown,0.900621118012422
69,host_cells,1,0.0062111801242236,unknown,0.900621118012422
69,gland_4,1,0.0062111801242236,unknown,0.900621118012422
69,immune_1,1,0.0062111801242236,unknown,0.900621118012422
69,neuron_14,1,0.0062111801242236,unknown,0.900621118012422
69,gland_3_digestive,1,0.0062111801242236,unknown,0.900621118012422
87,unknown,47,0.783333333333333,unknown,0.783333333333333
87,epidermis_1,11,0.183333333333333,unknown,0.783333333333333
87,gastrodermis,1,0.0166666666666667,unknown,0.783333333333333
87,epidermis_2,1,0.0166666666666667,unknown,0.783333333333333
244,unknown,58,0.763157894736842,unknown,0.763157894736842
244,gastrodermis,13,0.171052631578947,unknown,0.763157894736842
244,host_cells,4,0.0526315789473684,unknown,0.763157894736842
244,gastrodermis_musclelike,1,0.0131578947368421,unknown,0.763157894736842
57,immune_1,66,0.904109589041096,immune_1,0.904109589041096
57,epidermis_1,2,0.0273972602739726,immune_1,0.904109589041096
57,gastrodermis,1,0.0136986301369863,immune_1,0.904109589041096
57,epidermis_2,1,0.0136986301369863,immune_1,0.904109589041096
57,digestive_filaments,1,0.0136986301369863,immune_1,0.904109589041096
57,host_cells,1,0.0136986301369863,immune_1,0.904109589041096
57,unknown,1,0.0136986301369863,immune_1,0.904109589041096
112,immune_2,69,0.958333333333333,immune_2,0.958333333333333
112,neuron_8,1,0.0138888888888889,immune_2,0.958333333333333
112,gland_10,1,0.0138888888888889,immune_2,0.958333333333333
112,calicoblast,1,0.0138888888888889,immune_2,0.958333333333333
